LcmsUnit,UnitLongDesc,InstrLvl,Total
K004,P.S. K004,5,36616214.7
K036,P.S. 36,5,26162659.34
K053,P.S. K053,5,37331683.93
K077,P.S. K077,5,29990095.68
K140,P.S. K140,5,24522028.07
K141,P.S. K141,5,34907473.83
K231,P.S. K231,5,34837450.67
K368,P.S. 368,5,24154470.81
K369,P.S. K369  - Coy L. Cox School,5,52672229.91
K370,P.S. 370,5,24125720.65
K371,P.S. 371 - Lillian L. Rashkis,5,19706179.06
K372,P.S. 372 -The Children's School,5,25596717.3
K373,P.S. 373 - Brooklyn Transition Center,5,25737447.67
K396,P.S. K396,5,28650123.82
K721,P.S. K721 - Brooklyn Occupational Training Center,5,39375541.74
K753,P.S. K753 - School for Career Development,5,13677972.96
K771,P.S. K771,5,43962131.02
K811,P.S. K811 Connie Lekas School,5,33007990.04
M035,P.S. 035,5,14390691.79
M079,P.S. M079 - Horan School,5,23603435.66
M094,P.S. M094,5,33947537.41
M138,P.S. 138,5,56641609.38
M169,P.S. M169 - Robert F. Kennedy,5,25510502.13
M226,P.S. M226,5,31381271.77
M401,Hospital Schools,5,15295174.69
M501,Home Instruction,5,58050339.64
M721,P.S. M721 - Manhattan Occupational Training Center,5,16343202.18
M751,Manhattan School for Career Development,5,11445851.31
M811,P.S. M811 - Mickey Mantle School,5,32490342.86
Q004,P.S. Q004,5,40012011.57
Q009,P.S. 009,5,56511198.24
Q023,P.S. Q023 @ Queens Children Center,5,23511312.16
Q075,Robert E. Peary School,5,47362054.68
Q177,P.S. Q177,5,50954521.78
Q224,P.S. Q224,5,40015799.79
Q233,P.S. Q233,5,38607649.45
Q255,P.S. Q255,5,44536540.85
Q256,P.S. Q256,5,41696507.98
Q277,The Riverview School,5,11442897.48
Q721,John F. Kennedy Jr. School,5,41631347.3
Q752,Queens Transition Center,5,26446425.2
Q811,P.S. Q811,5,39363441.02
Q993,P.S. Q993,5,49441184.06
R025,South Richmond High School I.S./P.S. 25,5,39715737.94
R037,P.S. R037,5,45354554.08
R373,P.S. R373,5,45887149.3
R721,The Richard H. Hungerford School,5,43731286.17
X010,P.S. X010,5,50163794.92
X012,P.S. X012 Lewis and Clark School,5,21778570.08
X017,P.S. X017,5,36984581.06
X168,P.S. 168,5,42926424.67
X176,P.S. X176,5,73039746.67
X186,P186X Walter J. Damrosch School,5,52601646.89
X188,P.S. X188,5,41914801.44
X352,The Vida Bogart School for All Children,5,43070836.45
X469,P469X - The Bronx School for Continuous Learners,5,9618835.05
X721,P.S. X721 - Stephen McSweeney School,5,40792091.79
X723,P.S. 723,5,40885637.01
X754,J. M. Rapport School Career Development,5,29280046.34
X811,P.S. X811,5,55614474.14
K071,Juan Morel Campos Secondary School,4,19712728.28
K122,Pathways in Technology Early College High School (P-Tech),4,10236290.59
K168,The Brooklyn School for Math and Research,4,5118696.92
K265,Dr. Susan S. McKinney Secondary School of the Arts,4,10264423.17
K322,Foundations Academy,4,2942488.86
K337,International High School at Lafayette,4,7336106.29
K344,Rachel Carson High School for Coastal Studies,4,10030384.77
K348,High School of Sports Management,4,5978895.27
K350,Urban Assembly High School of Music and Art,4,7724562.77
K382,Academy for College Preparation and Career Exploration,4,10095141.4
K393,Frederick Douglass Academy IV Secondary School,4,3153199.67
K403,Academy for Environmental Leadership,4,8645323.46
K404,Academy for Young Writers,4,10512172.12
K405,Midwood High School,4,51759355.76
K408,Academy of Hospitality and Tourism,4,5854712.58
K409,East New York Family Academy,4,9474074.68
K410,Abraham Lincoln High School,4,38337128.7
K411,Abraham Lincoln Yabc,4,3903642
K412,"Brooklyn Community HS of Communication, Arts & Media",4,7713213.96
K419,"Science Skills Center HS for Science, Tech & Creative Arts",4,10399762.57
K423,Brooklyn Frontiers High School,4,6409314.92
K425,James Madison High School,4,48309042.56
K429,Brooklyn School for Global Studies,4,7140013.52
K430,Brooklyn Technical High School,4,82143068.97
K431,Thomas Jefferson Yabc,4,4378126.31
K439,Brooklyn International High School,4,7200653.17
K445,New Utrecht High School,4,55480855.29
K448,Brooklyn Secondary School for Collaborative  Studies,4,14956603.6
K449,"Brooklyn Latin School, The",4,10439812.34
K454,Green School: An Academy for Environmental Careers,4,6461150.76
K455,Boys and Girls High School,4,18772287.25
K462,Secondary School for Law,4,7497512.42
K463,Secondary School for Journalism,4,5767978.25
K464,Park Slope Collegiate,4,8861749.35
K467,Erasmus Yabc,4,4251351.28
K468,Kingsborough Early College School,4,10041776.7
K474,PROGRESS High School for Professional Careers,4,19864080.83
K477,School for Legal Studies,4,11665454.38
K478,"The High School for Enterprise, Business and Technology",4,18119586.78
K483,The Urban Assembly School for Law and Justice,4,8035693.19
K485,High School of  Telecommunication Arts and Technology,4,23529814.21
K488,Brooklyn Preparatory High School,4,9158887.05
K489,W.E.B. Dubois Academic High School,4,4389437.62
K490,Fort Hamilton High School,4,66348525.7
K493,Brooklyn Collegiate: A College Board School,4,7616745.22
K495,Sheepshead Bay High School,4,15363275.5
K497,School for International Studies,4,9992402.95
K498,Brooklyn High School for Law and Technology,4,11896888.92
K499,ACORN Community High School,4,11483130.12
K501,Franklin K. Lane Campus YABC,4,4280239.46
K502,FDNY High School for Fire and Life Safety,4,7415986.24
K504,High School for Civil Rights,4,6643538.68
K505,Franklin Delano Roosevelt High School,4,55700976.33
K507,Performing Arts and Technology High School,4,8159834.05
K510,World Academy for Total Community Health High School,4,6761465
K514,Frederick Douglass Academy VII High School,4,6634379.95
K519,Cobble Hill School of American Studies,4,12314988.39
K524,International High School at Prospect Heights,4,8683201.66
K525,Edward R. Murrow High School,4,66824794.89
K527,Urban Assembly Institute of Math and Science for Young Women,4,9275245.47
K528,The High School for Global Citizenship,4,5296883.76
K529,West Brooklyn Community High School,4,5118180.09
K531,"School for Human Rights, The",4,8983434.88
K533,School for Democracy and  Leadership,4,8174451.24
K535,Leon M. Goldstein High School for the Sciences,4,18582229.24
K537,High School for Youth and Community Development at Erasmus,4,8974065.25
K539,High School for Service & Learning at Erasmus,4,8720653.48
K540,John Dewey High School,4,35678400.35
K543,"Science, Technology and Research Early College High School",4,9029205.86
K544,International Arts Business School,4,1953320.42
K545,EBC High School for Public Service - Bushwick,4,11812296.64
K546,High School for Public Service: Heroes  of Tomorrow,4,7966002.61
K547,Brooklyn Academy of Science and the Environment,4,9037025.76
K548,Brooklyn School for Music & Theatre,4,7145598.96
K549,Bushwick School for Social Justice,4,9227687.78
K552,Academy of Urban Planning,4,6924579.89
K553,Brooklyn Academy High School,4,4262939.27
K554,All City Leadership Secondary School,4,6559777.55
K555,Brooklyn College Academy,4,10894290.28
K556,Bushwick Leaders High School for Academic Excellence,4,7954712.18
K558,Williamsburg High School for Architecture and Design,4,11970805.41
K559,Life Academy High School for Film and Music,4,5490720.66
K561,Williamsburg Preparatory School,4,11471672.79
K563,It Takes a Village Academy,4,11893240.75
K564,Bushwick Community High School,4,6554417.65
K566,Brooklyn Generation School,4,6487008.95
K567,Brooklyn Theatre Arts High School,4,7694235.12
K568,Brownsville Academy High School,4,6492420.35
K569,Kurt Hahn Expeditionary Learning School,4,6743407.35
K572,Expeditionary Learning School for Community Leader,4,5658937.91
K575,Bedford Stuyvesant Preparatory High School,4,3422628.28
K576,Victory Collegiate High School,4,6649902.8
K578,Brooklyn Bridge Academy,4,4279234.73
K583,Multicultural High School,4,6375917.3
K586,Lyons Community School,4,10855342.6
K589,Arts & Media Preparatory Academy,4,5189576.72
K590,Medgar Evers College Preparatory School,4,19123953.41
K592,Khalil Gibran International Academy,4,4526557.19
K594,Gotham Professional Arts Academy,4,4722034.29
K595,Bedford Academy High School,4,7019372.7
K600,Clara Barton High School,4,30428686.85
K605,George Westinghouse Career and Technical Education,4,13518941.62
K609,Urban Assembly School for Criminal Justice,4,9195880.83
K610,Automotive High School,4,10648070.89
K611,Origins High School,4,4197566.48
K614,Young Women's Leadership School of Brooklyn,4,8015942.69
K615,Transit Tech Career and Technical Education High School,4,22711594.99
K616,Brooklyn High School for Leadership and Community,4,4429694.43
K617,High School for Innovation in Advertising and Media,4,6677918.04
K618,Academy of Innovative Technology,4,9394116.58
K620,William E. Grady Career and Technical Education High School,4,16557575.91
K629,Cultural Academy for the Arts and Sciences,4,7225616.59
K630,Professional Pathways High School,4,3766515.81
K632,Frances Perkins Academy,4,3284283.64
K633,High School for Medical Professions,4,8803670.18
K635,Olympus Academy,4,3852438.36
K637,Academy for Conservation and the Environment,4,6119779.73
K639,Brooklyn Lab School,4,7986651.21
K642,Urban Action Academy,4,6649418.47
K643,Brooklyn Democracy Academy,4,4629740.47
K644,Eagle Academy for Young Men II,4,12009617.02
K646,Aspirations Diploma Plus High School,4,6185082.18
K647,Metropolitan Diploma Plus High School,4,4008387.94
K656,Brooklyn High School of the Arts,4,15802059.2
K657,Downtown Brooklyn Yabc,4,4745669
K658,Franklin Delano Roosevelt YABC,4,4091719.19
K659,Cypress Hills Collegiate Preparatory School,4,8074327.46
K660,W. H. Maxwell Career and Technical Education High,4,14527922.24
K667,Sunset Park High School,4,24746137.61
K669,Research and Service High School,4,4807964.12
K670,Benjamin Banneker Academy,4,16425544.62
K673,East Brooklyn Community High School,4,5014293.79
K674,"City Polytechnic High School of Engineering, Architecture",4,8852136.87
K683,"The School For Classics: An Academy Of Thinkers, Writers",4,6340841.28
K684,Millennium Brooklyn HS,4,11919994.29
K685,El Puente Academy for Peace and Justice,4,6254573.22
K688,The Brooklyn Academy of Global Finance,4,3747743.06
K690,Brooklyn Studio Secondary School,4,16352047.82
K697,Teachers Preparatory High School,4,8332767.87
K698,South Brooklyn Community High School,4,4049227.71
K728,Liberation Diploma Plus,4,4148615.72
K745,Brooklyn Institute for Liberal Arts,4,4718280.16
K751,Academy for Health Careers,4,8527326.23
K764,The Urban Assembly School for Collaborative Health,4,1693250.56
K765,Nelson Mandela High School,4,2881656.2
K922,South Shore Educational Complex Yabc,4,3951248.53
K923,Automotive High School Yabc,4,4071830.55
K959,BOYS AND GIRLS YABC,4,4330141.94
M047,47 The American Sign Language and English Secondary,4,6890472.17
M135,The Urban Assembly School for Emergency Management,4,4584031.98
M139,Stephen T. Mather Building Arts & Craftsmanship High School,4,4916335.59
M157,The Urban Assembly School for Global Commerce,4,3458759.67
M211,Inwood Early College for Health and Information Te,4,2214687.27
M280,Manhattan Early College School for Advertising,4,2448951.9
M282,Urban Assembly Maker Academy,4,2555398.02
M283,Manhattan Theatre Lab High School,4,2293600.61
M285,Harlem Renaissance High School,4,5687258.54
M288,Food and Finance High School,4,8529553.07
M292,Henry Street School for International Studies,4,6706206.24
M293,City College Academy of the Arts,4,10651107.5
M294,Essex Street Academy,4,6992383.3
M296,High School of Hospitality Management,4,7898362.12
M298,Pace High School,4,7386370.65
M299,"High School for Arts, Imagination and Inquiry",4,8833263.46
M300,Urban Assembly School of Design and Construction,4,7943512.76
M303,"Facing History School, The",4,8644207.11
M304,Mott Hall High School,4,7015789.08
M305,"Urban Assembly Academy of Government and Law, The",4,6214467.54
M307,"Urban Assembly School for Media Studies, The",4,7728815.99
M308,Lower Manhattan Arts Academy,4,7846830.76
M313,"James Baldwin School, The: A School for Expedition",4,5008370.42
M316,"Urban Assembly School of Business for Young Women, The",4,9965863.27
M346,Community Health Academy of the Heights,4,12709025.63
M348,Washington Heights Expeditionary Learning School,4,14422325.23
M362,Columbia Secondary School,4,10533206.54
M367,Academy for Social Action: A College Board School,4,5135531.7
M369,Urban Assembly School for the Performing Arts,4,6421480.45
M372,Esperanza Preparatory Academy,4,13605609.1
M374,Gramercy Arts High School,4,9818645.74
M376,NYC iSchool,4,7479462.75
M392,Manhattan Business Academy,4,8064877.01
M393,Business of Sports School,4,9959443.59
M394,Emma Lazarus High School,4,4920646.6
M399,The High School For Language and Diplomacy,4,8016537.01
M400,High School for Environmental Studies,4,24020151.46
M402,The Urban Assembly School for Green Careers,4,7874751.1
M403,The Global Learning Collaborative,4,10383719
M404,Innovation Diploma Plus,4,4095803.61
M407,Institute for Collaborative Education,4,6833112.04
M408,Professional Performing Arts High School,4,9358842.04
M409,Coalition School for Social Change,4,6882963.81
M411,Baruch College Campus High School,4,9719243.18
M412,N.Y.C. Lab School for Collaborative Studies,4,10652819.61
M413,School of the Future High School,4,13145080.68
M414,N.Y.C. Museum School,4,7478090.58
M415,Wadleigh Secondary School for the Performing & Visual Arts,4,10840141.45
M416,Eleanor Roosevelt High School,4,11419392.35
M417,Frank McCourt High School,4,6775220.47
M418,Millennium High School,4,13553266.41
M419,Landmark High School,4,7435680.08
M420,High School for Health Professions and Human Services,4,26737730.15
M422,Quest to Learn,4,11210070.82
M423,High School for Excellence and Innovation,4,5586875.76
M425,Leadership and Public Service High School,4,14898800.32
M427,Manhattan Academy For Arts & Language,4,7679771.18
M429,Legacy School for Integrated Studies,4,1962967.1
M432,Murray Hill Academy,4,7765976.49
M435,Manhattan Center for Science and Mathematics,4,23943767.89
M437,Hudson High School of Learning Technologies,4,9451927.65
M438,International High School at Union Square,4,7284569.65
M439,Manhattan Village Academy,4,9979920.03
M448,University Neighborhood High School,4,7461064.19
M449,Vanguard High School,4,9381422.53
M450,East Side Community School,4,14176449.49
M457,George Washington Yabc,4,4270952.88
M458,Forsyth Satellite Academy,4,3896855.98
M459,Manhattan International High School,4,6424427.71
M460,Washington Irving High School,4,5363376.67
M462,The College Academy,4,11144634.36
M463,High School for Media and Communications,4,9325123.23
M467,High School for Law and Public Service,4,13417285.95
M468,High School for Health Careers and Sciences,4,12443006.62
M469,Choir Academy of Harlem,4,3326744.01
M473,Washington Irving Yabc,4,4176203.12
M475,Stuyvesant High School,4,51480821.86
M479,Beacon High School,4,21596606.99
M485,Fiorello H. LaGuardia HS of Music & Art and Perform. Arts,4,42882397.49
M489,High School of Economics and Finance,4,18437137.36
M492,"High School for Law, Advocacy and Community Justice",4,10871570.65
M494,High School of Arts and Technology,4,11152002.78
M495,Park East High School,4,8088160.74
M499,Frederick Douglass Academy,4,25313653.94
M500,Unity Center for Urban Technologies,4,6451195.25
M505,Edward A. Reynolds West Side High School,4,11839498.02
M507,Urban Assembly Gateway School for Technology,4,9421409.99
M509,Marta Valle High School,4,9558039.52
M515,Lower East Side Preparatory High School,4,11378253.13
M519,Talent Unlimited High School,4,8922592.32
M520,Murry Bergtraum High School for Business Careers,4,22997718.53
M529,Jacqueline Kennedy Onassis High School,4,12121374.22
M531,Repertory Company High School for Theatre Arts,4,4977812.52
M533,Union Square Academy for Health Sciences,4,6737356.12
M534,Harvest Collegiate High School,4,8733438.27
M539,"New Explorations into Science, Technology and Math",4,25088166.6
M540,A. Philip Randolph Campus High School,4,22730692.25
M541,Manhattan / Hunter Science High School,4,8001757.79
M542,Manhattan Bridges High School,4,10390459.96
M543,New Design High School,4,8838779.51
M544,Independence High School,4,6840440.9
M545,High School for Dual Language and Asian Studies,4,7730234.92
M546,Academy for Software Engineering,4,7162160.86
M550,Liberty High School Academy for Newcomers,4,8474745.42
M551,Urban Assembly New York Harbor School,4,9193612.42
M552,Gregorio Luperon High School for Science and Math,4,9824385.48
M555,Central Park East High School,4,9518625.11
M560,High School M560 - City As School,4,11979348.75
M565,Urban Academy Laboratory High School,4,3820571.97
M570,Satellite Academy High School,4,6070620.27
M575,Manhattan Comprehensive Night and Day High School,4,14283195.77
M580,Richard R. Green High School of Teaching,4,15510292.52
M586,Harvey Milk High School,4,2929985.79
M600,The High School of Fashion Industries,4,30286358.25
M605,Humanities Preparatory Academy,4,4490179.62
M610,Young Women's Leadership School,4,9255242.58
M615,Chelsea Career and Technical Education High School,4,9633887.58
M625,High School of Graphic Communication Arts,4,9541374.77
M630,Art and Design High School,4,25814741.79
M650,Cascades High School,4,4390288.13
M655,Life Sciences Secondary School,4,12947309.83
M670,Thurgood Marshall Academy for Learning and Social Change,4,10909538.43
M680,"Heritage School, The",4,7305237.52
M685,Bread & Roses Integrated Arts High School,4,4379041.12
M692,"High School for Mathematics, Science and Engineering",4,9120735.52
M696,Bard High School Early College,4,9421376.46
M859,Special Music School,4,4864198.61
M860,Frederick Douglass Academy II Secondary School,4,8836201.69
M973,Restart Academy,4,19796831.09
Q167,Metropolitan Expeditionary Learning School,4,13222797.97
Q236,International High School for Health Sciences,4,2984950.81
Q240,Veritas Academy,4,5220068.92
Q241,Queens High School for Language Studies,4,3890398.08
Q243,Institute for Health Professions at Cambria Height,4,3574243.11
Q248,Queens Preparatory Academy,4,7925082.98
Q252,"Queens School of Inquiry, The",4,11018811.63
Q258,Energy Tech High School,4,4352531.69
Q259,Pathways College Preparatory School: A College Board,4,10012011.12
Q260,Frederick Douglass Academy VI High School,4,7293945.97
Q261,Voyages Prep - South Queens,4,4503213.73
Q262,Channel View School for Research,4,15290168.13
Q263,Flushing International High School,4,8110934.78
Q264,Academy of Finance and  Enterprise,4,9358710.84
Q265,Excelsior Preparatory High School,4,8774576
Q267,High School of Applied Communication,4,8431505.94
Q272,George Washington Carver High School for the Scien,4,8905402.24
Q281,East-West School of International Studies,4,12169100.77
Q283,Preparatory Academy for Writers: A College Board S,4,9801389.89
Q284,York Early College Academy,4,10226774.33
Q285,World Journalism Preparatory: A College Board School,4,10470404.88
Q286,"Young Women's Leadership School, Astoria",4,10156610.56
Q293,Civic Leadership Academy,4,8987130.06
Q296,Pan American International High School,4,7933005.35
Q299,Bard High School Early College Queens,4,11273362.9
Q301,Academy for Careers in Television and Film,4,9279343.65
Q302,"Queens High School for Information, Research, and Technology",4,6884897.26
Q308,Robert H. Goddard High School of Communication Art,4,9609908.32
Q309,Academy of Medical Technology: A College Board School,4,11411019.36
Q310,Queens Collegiate: A College Board School,4,12787396.76
Q313,Benjamin Franklin High School for Finance & Inform,4,2535504.83
Q314,Epic High School - South,4,1896604.73
Q315,Business Technology Early College High School,4,2758557.17
Q323,Scholars' Academy,4,18309598.67
Q324,Rockaway Park High School For Environmental Sustainability,4,8741809.83
Q325,Hillside Arts & Letters Academy,4,8787236.76
Q326,Cambria Heights Academy,4,7164966.44
Q327,Eagle Academy for Young Men III,4,9984009
Q328,High School for Community Leadership,4,7876768.87
Q334,Epic High School - North,4,2374910.87
Q338,Queens Satellite High School for Opportunity,4,4512811.98
Q344,East River Academy,4,23263875.28
Q350,Jamaica Gateway to the Sciences,4,9155061.19
Q351,Rockaway Collegiate High School,4,8367525.75
Q400,August Martin High School,4,16089686.4
Q415,Benjamin N. Cardozo High School,4,51621888.04
Q425,John Bowne High School,4,59459112.31
Q430,Francis Lewis High School,4,66645029.11
Q435,Martin Van Buren High School,4,32079526.03
Q440,Forest Hills High School,4,57150068.74
Q445,William Cullen Bryant High School,4,43827448.39
Q450,Long Island City High School,4,42562610.07
Q455,Newtown High School,4,36545700.91
Q457,HS Arts & Business Yabc,4,4050392.34
Q460,Flushing High School,4,40231791.46
Q467,Flushing Yabc,4,4241873.43
Q475,Richmond Hill High School,4,40910262.26
Q480,John Adams High School,4,49335705.25
Q485,Grover Cleveland High School,4,34209285.77
Q487,John Adams Yabc,4,3938241.1
Q492,"Mathematics, Science Research and Technology Magnet",4,8289688.04
Q494,"Law, Government and Community Service High School",4,3728471.51
Q495,Bayside High School,4,51801765.2
Q496,"Business, Computer Applications & Entrepreneurship",4,3370198.23
Q498,Humanities & Arts Magnet High School,4,9788391.88
Q501,Frank Sinatra School of the Arts High School,4,14256895.3
Q502,Information Technology High School,4,19945951.04
Q505,Hillcrest High School,4,51891682.49
Q520,Middle College High School at LaGuardia Community,4,10354687.86
Q525,Townsend Harris High School,4,18680211.45
Q530,International High School at LaGuardia Community College,4,9120008.48
Q540,Queens Academy High School,4,7561171.52
Q550,High School for Arts and Business,4,14659503.3
Q555,Newcomers High School,4,17544075
Q560,"Robert F. Wagner, Jr. Secondary School for Arts & Techology",4,11644736.29
Q566,"Queens High School of Teaching, Liberal Arts & the Sciences",4,19832512.91
Q575,Academy of American Studies,4,13153097.85
Q580,Baccalaureate School for Global Education,4,9190697.91
Q585,Maspeth High School,4,15257131.91
Q600,Queens Vocational and Technical High School,4,28924777.32
Q610,Aviation Career & Technical Education High School,4,38548303.65
Q620,Thomas A. Edison Career and Technical Education High,4,36762143.43
Q650,"HS for Construction Trades, Engineering and Architecture",4,16464720.76
Q670,Robert F. Kennedy Community High School,4,13978202.46
Q680,Queens Gateway to Health Sciences Secondary School,4,13321833.69
Q686,Queens Metropolitan High School,4,17982035.22
Q687,Queens High School for the Sciences at York College,4,7483724.9
Q690,High School for Law Enforcement and Public Safety,4,11517163.48
Q744,VOYAGES Preparatory,4,4344952.01
Q792,North Queens Community High School,4,4223684.55
Q896,"Young Women's Leadership School, Queens",4,9200603.59
Q950,Pathways to Graduation,4,105624500.5
R047,CSI High School for International Studies,4,9820067.94
R064,Gaynor McCown Expeditionary Learning School,4,9253409.51
R080,The Michael J. Petrides School,4,29450084.36
R440,New Dorp High School,4,48373412.15
R445,Port Richmond High School,4,32231890.07
R450,Curtis High School,4,42842624.49
R455,Tottenville High School,4,63866643.47
R460,Susan E. Wagner High School,4,58979094.35
R470,Concord High School,4,4238003.55
R600,Ralph R. McKee Career and Technical Education High,4,14430803.26
R605,Staten Island Technical High School,4,19761892
R607,Staten Island Yabc,4,3335543.87
X141,Riverdale / Kingsbridge Academy (MS / HS 141),4,24845447.73
X213,Bronx Engineering and Technology Academy,4,8604725.78
X221,South Bronx Preparatory: A College Board School,4,13230741.3
X223,M.S. 223 The Laboratory School of Finance and Technology,4,10327955.24
X225,Theatre Arts Production Company School,4,12404564.89
X227,Bronx Collegiate Academy,4,8387960.46
X231,Eagle Academy for Young Men,4,12863632.69
X237,"The Marie Curie School for Medicine, Nursing, and",4,10419424.94
X241,Urban Assembly School for Applied Math and Science,4,12809941.56
X242,Mott Hall V,4,12441967.33
X243,West Bronx Academy for the Future,4,12737504.03
X248,"Metropolitan High School, The",4,6812783.19
X249,Bronx Health Sciences High School,4,6459472.26
X250,Eximius College Preparatory Academy: A College Board School,4,8773731.53
X251,Explorations Academy,4,7499183.87
X252,Mott Hall Bronx High School,4,7865605.9
X253,Bronx High School for Writing and Communication Arts,4,7997958.14
X259,"H.E.R.O. High (Health, Education, & Research Occupations HS)",4,4983772.2
X260,Bronx Center for Science and Mathematics,4,8409095.99
X263,Validus Preparatory Academy: An Expeditionary Learning,4,7478037.06
X264,Bronx Academy for Software Engineering (BASE),4,5334290.95
X265,Bronx Lab School,4,9130745.88
X267,Bronx Latin,4,11393337.14
X268,Kingsbridge International High School,4,8362955.37
X269,Bronx Studio School for Writers and Artists,4,12137963.67
X270,Academy for Scholarship & Entrepreneurship:A College,4,8297782.25
X271,East Bronx Academy for the Future,4,14261521.3
X275,High School of Computers and Technology,4,12163944.85
X276,Leadership Institute,4,5190524.49
X278,Peace and Diversity Academy,4,4529648.88
X282,Women's Academy of Excellence,4,7069813.32
X284,Bronx School of Law and Finance,4,9166190.96
X288,Collegiate Institute for Math and Science,4,12440356.32
X290,Bronx Academy of Health Careers,4,8713573.46
X293,Renaissance High School for Musical Theater & Technology,4,8078612.59
X295,Gateway School for Environmental Research and Technology,4,2654188.48
X297,Morris Academy for Collaborative Studies,4,9970454.33
X299,Astor Collegiate Academy,4,9304198.66
X305,Pablo Neruda Academy for Architecture and World Studies,4,8087677.39
X312,Millennium Art Academy,4,9750134.17
X319,Providing Urban Learners Success In Education High School,4,5874748.75
X320,Pelham Lab High School,4,4634436.74
X321,Crotona Academy High School,4,2738016.97
X324,Bronx Early College Academy for Teaching & Learning,4,9464486.45
X327,Comprehensive Model School Project M.S. 327,4,12691358.18
X329,DreamYard Preparatory School,4,6401354.57
X332,Holcombe L. Rucker School of Community Research,4,5370455.2
X334,International Community High School,4,9145475.21
X342,International School for Liberal Arts,4,11452514.91
X348,Schuylerville Preparatory High School,4,3756118.39
X349,Bronx River High School,4,4206212.99
X351,Bronx Collaborative High School,4,4642102.66
X353,World View High School,4,3641001.41
X365,Academy for Language and Technology,4,5848554.23
X367,"Archimedes Academy for Math, Science and Technolog",4,13662830.29
X368,In-Tech Academy (M.S. / High School 368),4,19823612.23
X372,Urban Assembly School for Wildlife Conservation,4,11507682.76
X374,Knowledge and Power Prep. Academy International (KAPPA),4,8995634.65
X376,Antonia Pantoja Preparatory Academy: A College Board School,4,9870195.35
X377,Bronx Community High School,4,3926163.88
X379,Jill Chaifetz Transfer High School,4,4158794.43
X381,Bronx Haven High School,4,3649851.84
X388,Pan American International High School at Monroe,4,8413730.53
X397,English Language Learners and International Support Prep,4,7320573.3
X403,Bronx International High School,4,8718830.94
X404,School for Excellence,4,9407307.2
X405,Herbert H. Lehman High School,4,33357442
X408,Herbert H. Lehman Yabc,4,4087617.7
X412,Bronx High School of Business,4,10452685.78
X413,Bronx High School for Medical Science,4,9612820.63
X414,Jonathan Levin High School for Media and Communications,4,6093595.94
X417,C Columbus Hs Yabc,4,3877870.33
X418,Bronx High School for the Visual Arts,4,11092117.91
X427,Community School for Social Justice,4,7808144.8
X428,Learning To Work Yabc At Monroe Academy,4,3667452.69
X432,BRONX BRIDGES HIGH SCHOOL,4,7922006.02
X433,High School for Teaching and the Professions,4,10384866.65
X434,Belmont Preparatory High School,4,8601852.01
X437,Fordham High School for the Arts,4,8248787.74
X438,Fordham Leadership Academy for Business and Technology,4,11162195.32
X439,Bronx High School for Law and Community Service,4,9092411.12
X440,DeWitt Clinton High School,4,44315631.94
X442,"Celia Cruz Bronx High School of Music, The",4,8431117.16
X445,Bronx High School of Science,4,43338038.03
X446,Arturo A. Schomburg Satellite Academy Bronx,4,4370184.88
X452,Bronx Guild,4,7270656.76
X455,Harry S Truman High School,4,38354573.47
X456,Alfred E. Smith Campus YABC,4,4250442.27
X473,Mott Haven Village Preparatory High School,4,7608870.76
X477,Marble Hill High School for International Studies,4,8897222.24
X478,The Cinema School,4,5859015.2
X479,Bronx Career and College Preparatory High School,4,7848868.94
X480,Bronx Regional High School,4,5147353.81
X490,Phoenix Academy,4,5489288.22
X495,University Heights Secondary School,4,7916787.44
X500,Hostos-Lincoln Academy of Science,4,10271092.11
X503,Walton Yabc,4,4181504.65
X504,Kennedy Yabc,4,3485117.11
X505,"Bronx School for Law, Government and Justice",4,15787448.39
X507,Stevenson Yabc,4,2944229.62
X508,Bronxdale High School,4,8516826.43
X509,High School of Language and Innovation,4,7796233.72
X511,Bronx Envision Academy,4,7295054.68
X513,New World High School,4,8080336.05
X514,The Bronxwood Preparatory Academy,4,8331419.06
X517,Frederick Douglass Academy III Secondary School,4,8028739.6
X519,Felisa Rincon de Gautier Institute for Law and Public Policy,4,7715533.62
X520,Foreign Language Academy of Global Studies,4,5317613.89
X521,The Metropolitan Soundview High School,4,8990710.21
X522,Bronx Design and Construction Academy,4,12850006.17
X524,Crotona International High School,4,7317038.18
X525,Bronx Leadership Academy High School,4,13797541.46
X527,Bronx Leadership Academy II High School,4,10481941.85
X530,Banana Kelly High School,4,7601412.43
X537,Bronx Arena High School,4,5407239.26
X542,Pelham Preparatory Academy,4,9203529.12
X543,High School for Violin and Dance,4,7493775.65
X544,High School for Contemporary Arts,4,9681036.28
X545,Bronx Aerospace High School,4,9634707.97
X546,Bronx Theatre High School,4,9017291.94
X547,New Explorers High School,4,10470413.6
X548,Urban Assembly School for Careers in Sports,4,11319506.72
X549,Discovery High School,4,9410460.72
X550,High School of World Cultures,4,8003135.27
X551,The Urban Assembly Bronx Academy of Letters,4,12430507.34
X557,Mott Haven Community High School,4,6369611.85
X558,Westchester Square Academy,4,7502143.51
X559,School for Tourism and Hospitality,4,6340062.29
X561,Bronx Compass High School,4,6742159.84
X564,Claremont International HS,4,5177424.71
X565,High School for Energy and Technology,4,6977652.84
X600,Alfred E. Smith Career and Technical Education HS,4,11790169.97
X650,Jane Addams High School for Academic Careers,4,5473403.6
X655,Samuel Gompers Career and Technical Education HS,4,4532619.98
X660,Grace Dodge Career and Technical Education High School,4,6795639.75
X667,Grace Dodge Yabc,4,3684053.92
X670,Health Opportunities High School,4,12016756.73
X682,Fannie Lou Hamer Freedom High School,4,11614660.12
X684,Wings Academy,4,11596398.95
X692,Monroe Academy for Visual Arts & Design,4,8925487.91
X695,Passages Academy,4,24614844.01
X696,High School of American Studies at Lehman College,4,6971557.42
K002,Parkside Preparatory Academy,2,9702142.31
K008,P.S. 008 Robert Fulton,2,15538437.33
K014,J.H.S. 014 Shell Bank,2,14931355.75
K030,PS/IS 30 Mary White Ovington,2,11855982.71
K035,M.S. 035 Stephen Decatur,2,5455510.04
K041,P.S. 041 Francis White,2,13154359.92
K045,P.S./I.S. 045 Horace E. Greene,2,17913197.62
K050,J.H.S. 050 John D. Wells,2,7163820.79
K051,M.S. 51 William Alexander,2,18894318.29
K057,J.H.S. 057 Whitelaw Reid,2,5779518.55
K061,M.S. 061 Dr. Gladstone H. Atwell,2,15134421.2
K062,J.H.S. 062 Ditmas,2,24517499.28
K066,P.S. 66,2,14527225.54
K068,I.S. 068 Isaac Bildersee,2,13772748.36
K073,P.S. 073 Thomas S. Boyland,2,4888656.29
K078,J.H.S. 078 Roy H. Mann,2,16741060.37
K088,J.H.S. 088 Peter Rouget,2,26888339.42
K089,P.S. 089 Cypress Hills,2,11373112.91
K095,P.S. 095 The Gravesend,2,19913411.82
K096,I.S. 096 Seth Low,2,14268262.16
K098,I.S. 98 Bay Academy,2,22525331.95
K099,P.S. 099 Isaac Asimov,2,15179522.38
K104,P.S./I.S. 104 The Fort Hamilton School,2,22572310.25
K109,P.S. 109,2,15989314.55
K113,M.S. 113 Ronald Edmonds Learning Center,2,13399170.97
K121,P.S. 121 Nelson A. Rockefeller,2,11088234.9
K126,John Ericsson Middle School 126,2,9461723.42
K136,I.S. 136 Charles O. Dewey,2,12312281.52
K137,P.S./I.S. 137 Rachel Jean Mitchell,2,8490991.47
K138,P.S. 138 Brooklyn,2,15606079.1
K155,P.S./ I.S. 155 Nicholas Herkimer,2,11210187.74
K157,P.S. 157 Benjamin Franklin,2,13200685.5
K162,J.H.S. 162 The Willoughby,2,11211557.73
K163,P.S. 163 Bath Beach,2,13074948.47
K165,P.S. 165 Ida Posner,2,12283112.01
K166,J.H.S. 166 George Gershwin,2,4754635.51
K171,I.S. 171 Abraham Lincoln,2,13967471.58
K174,P.S. 174 Dumont,2,4534215.81
K178,P.S. 178 Saint Clair Mckelway,2,10292792.02
K180,The SEEALL Academy,2,24773750.65
K181,P.S. 181 Brooklyn,2,19234419.98
K184,P.S. 184 Newport,2,12974379.7
K187,The Christa McAuliffe School\I.S. 187,2,18402227.94
K189,P.S. 189 Bilingual Center,2,19711779.61
K192,P.S. 192 - The Magnet School for Math and Science,2,15374170.73
K201,J.H.S. 201 The Dyker Heights,2,22973224.34
K202,P.S. 202 Ernest S. Jenkyns,2,12786270.34
K206,P.S. 206 Joseph F Lamb,2,23944199.66
K207,P.S. 207 Elizabeth G. Leary,2,23459602.25
K209,P.S. 209 Margaret Mead,2,16634593.55
K211,I.S. 211 John Wilson,2,15622124.91
K218,J.H.S. 218 James P. Sinnott,2,10944350.27
K220,J.H.S. 220 John J. Pershing,2,25710423.13
K223,J.H.S. 223 The Montauk,2,19388254.79
K225,P.S. K225 - The Eileen E. Zaglin,2,21554157.73
K226,P.S. 226 Alfred De B.Mason,2,22748046.43
K227,J.H.S. 227 Edward B. Shallow,2,24639442.58
K228,I.S. 228 David A. Boody,2,24356011.24
K229,P.S. 229 Dyker,2,19536323.1
K234,J.H.S. 234 Arthur W. Cunningham,2,29796822.2
K235,P.S. 235 Lenox School,2,22197007.95
K238,P.S. 238 Anne Sullivan,2,16740366.37
K239,Mark Twain I.S. 239 for the Gifted & Talented,2,22955378.31
K240,Andries Hudde,2,17487793.08
K246,M.S. 246 Walt Whitman,2,13970935.15
K259,J.H.S. 259 William Mckinley,2,24341299.75
K262,P.S. 262 El Hajj Malik El Shabazz Elementary School,2,10509471.77
K266,M.S. K266 - Park Place Community Middle School,2,3939819.47
K267,"M.S. 267 Math, Science & Technology",2,6664601.2
K278,J.H.S. 278 Marine Park,2,21394423.03
K281,I.S. 281 Joseph B Cavallaro,2,21485619.94
K282,P.S. 282 Park Slope,2,18406495.44
K284,P.S. 284 Lew Wallace,2,12690136.42
K285,I.S. 285 Meyer Levin,2,15725456.35
K288,P.S. 288 The Shirley Tanyhill,2,11316537.17
K291,J.H.S. 291 Roland Hayes,2,11354454.53
K292,J.H.S. 292 Margaret S. Douglas,2,14141503.97
K301,Satellite East Middle School,2,3490335.13
K302,J.H.S. 302 Rafael Cordero,2,8199631.28
K303,I.S. 303 Herbert S. Eisenberg,2,10659054.16
K306,P.S. 306 Ethan Allen,2,15984541.88
K308,P.S. 308 Clara Cardwell,2,12334792.34
K311,Essence School,2,4693013.5
K313,Satellite West Middle School,2,3335738.2
K318,I.S. 318 Eugenio Maria De Hostos,2,30209448.35
K323,P.S./I.S. 323,2,9833806.26
K327,P.S. 327 Dr. Rose B. English,2,14082386.65
K330,The Urban Assembly School for the Urban Environment,2,2145072.68
K334,Middle School for Academic and Social Excellence,2,3830972.41
K340,I.S. 340,2,4590255.44
K347,I.S. 347 School of Humanities,2,9201901.05
K349,"I.S. 349 Math, Science & Tech.",2,8423274.19
K351,The Urban Assembly Unison School,2,4585246.03
K352,Ebbets Field Middle School,2,6614706.92
K353,Elijah Stroud Middle School,2,5529123.72
K354,The School of Integrated Learning,2,6436265.83
K363,Brownsville Collaborative Middle School,2,3797325.14
K364,I.S. 364 Gateway,2,9259464.89
K366,The Science and Medicine Middle School,2,11139414.22
K377,P.S. 377 Alejandrina B. De Gautier,2,13641069.84
K381,I. S. 381,2,7600800.53
K383,J.H.S. 383 Philippa Schuyler,2,16260175.99
K384,P.S. /I.S. 384 Frances E. Carter,2,15377231.64
K385,"School of Business, Finance and Entrepreneurship",2,3763511.98
K392,I.S. 392,2,5333894.42
K394,M.S. K394,2,12302995.93
K422,Spring Creek Community School,2,5514294.87
K442,M.S. 442 Carroll Gardens School for Innovation,2,6836218.71
K443,New Voices School of Academic & Creative Arts,2,9502716.63
K447,The Math & Science Exploratory School,2,12183007.08
K452,Frederick Douglass Academy VIII Middle School,2,6631224.92
K484,Ronald Edmonds Learning Center II,2,4169929.4
K492,Academy of Arts and Letters,2,8504593.92
K518,Kappa V,2,4526503.66
K522,Mott Hall IV,2,4105141.97
K534,Upper School @ P.S. 25,2,3813822.44
K562,Evergreen Middle School for Urban Exploration,2,8966752.57
K577,Conselyea Preparatory School,2,9664063.23
K581,East Flatbush Community Research School,2,5361009.23
K582,M.S. 582,2,6010099.1
K584,M.S. 584,2,3541763.09
K588,Middle School for Art and Philosophy,2,6340694.37
K596,MS 596 Peace Academy,2,2555102.34
K598,Middle School of Marketing and Legal Studies,2,5617322.56
K634,General D. Chappie James Middle School of Science,2,1670505.17
K654,Van Siclen Community Middle School,2,4716714.48
K661,Vista Academy,2,5445056.06
K662,Liberty Avenue Middle School,2,6996531.59
K663,School of the Future Brooklyn,2,2941608.74
K664,Brooklyn Environmental Exploration School (BEES),2,2421628.39
K668,Riverdale Avenue Middle School,2,2574520.2
K671,Mott Hall Bridges Academy,2,4908265.56
K678,East New York Middle School of Excellence,2,6136712.48
K681,Madiba Prep Middle School,2,5246189.94
K691,Fort Greene Preparatory Academy,2,5717215.91
K722,New Heights Middle School,2,7854668.74
K760,Highland Park Community School,2,2717523.09
K763,Brooklyn Science and Engineering Academy,2,2062989.38
K821,Sunset Park Prep,2,10585781.61
M007,P.S. 007 Samuel Stern,2,9147069.54
M012,Tag Young Scholars,2,8749579.61
M013,J.H.S. 013 Jackie Robinson,2,2132317.09
M018,P.S. 018 Park Terrace,2,9344144.73
M034,P.S. 034 Franklin D. Roosevelt,2,10145181.95
M046,P.S. 046 Arthur Tappan,2,16236227.69
M050,P.S. 050 Vito Marcantonio,2,9245999.43
M052,J.H.S. 052 Inwood,2,11852799.84
M054,J.H.S. 054 Booker T. Washington,2,14267117.66
M057,James Weldon Johnson,2,17813157.74
M076,P.S. 076 A. Philip Randolph,2,11394572
M096,P.S. 096 Joseph Lanzetta,2,11350597.28
M104,J.H.S. 104 Simon Baruch,2,19124254.47
M108,P.S. 108 Assemblyman Angelo Del Toro Educational Complex,2,12929274.58
M111,P.S. 111 Adolph S. Ochs,2,12039044.77
M114,East Side Middle School,2,7963300.54
M123,P.S. 123 Mahalia Jackson,2,14204541
M126,P.S. 126 Jacob August Riis,2,16698791.32
M129,P.S. 129 John H. Finley,2,12433564.07
M131,M.S. 131,2,10641957.51
M140,P.S. 140 Nathan Straus,2,9987607.47
M143,J.H.S. 143 Eleanor Roosevelt,2,10618927.99
M148,Eagle Academy for Young Men of Harlem,2,3675313.55
M149,P.S. 149 Sojourner Truth,2,8201322.11
M161,P.S. 161 Pedro Albizu Campos,2,20028692.74
M165,P.S. 165 Robert E. Simon,2,16701714.53
M167,J.H.S. 167 Robert F. Wagner,2,21754521.07
M171,P.S. 171 Patrick Henry,2,13635949.09
M177,Yorkville East Middle School,2,1760965.57
M180,P.S. 180 Hugo Newman,2,13006455.92
M184,P.S. 184m Shuang Wen,2,12203160.85
M187,P.S./I.S. 187 Hudson Cliffs,2,14480601.47
M188,P.S. 188 The Island School,2,11388012.24
M191,P.S. 191 Amsterdam,2,12767081.17
M206,P.S. 206 Jose Celso Barbosa,2,14407836.61
M209,Hamilton Grange Middle School,2,2046109.03
M210,P.S./I.S. 210 - Twenty-first Century Academy for Community,2,10299358.71
M217,P.S./I.S. 217 Roosevelt Island,2,9970213.9
M218,I.S. 218 Salome Urena,2,6942014.45
M223,The Mott Hall School,2,6253137.85
M224,M.S. 224 Manhattan East School for Arts & Academic,2,3735351.66
M225,Ella Baker School,2,6915236.98
M243,M.S. 243 Center School,2,4142940.26
M245,M.S. M245 The Computer School,2,7004496.68
M247,M.S. M247 Dual Language Middle School,2,4477805.01
M250,M.S. 250 West Side Collaborative Middle School,2,4785998.47
M255,M.S. 255 Salk School of Science,2,6554904.02
M256,M.S. 256 Academic & Athletic Excellence,2,3890914.18
M258,Community Action School - MS 258,2,6010860.09
M260,M.S. 260 Clinton School Writers & Artists,2,6654497.86
M276,Battery Park City School,2,15787838.25
M278,Paula Hedbavny School,2,10921630.59
M286,I.S. M286 Renaissance Leadership Academy,2,4406059.73
M289,I.S. 289,2,5587651.19
M301,"Technology, Arts, and Sciences Studio",2,4210228.53
M302,KAPPA IV,2,4426761.33
M311,Amistad Dual Language School,2,8905701.89
M312,New York City Lab Middle School for Collaborative,2,9515532.65
M319,M.S. 319 - Maria Teresa,2,13519240.52
M322,Middle School 322,2,7756737.53
M324,M.S. 324 - Patria Mirabal,2,10864274.49
M326,M.S. 326 - Writers Today & Leaders Tomorrow,2,6219038.53
M328,M.S. 328 - Manhattan Middle School for Scientific,2,5988271.53
M332,University Neighborhood Middle School,2,3477558.6
M333,P.S. 333 Manhattan School for Children,2,16235180.46
M334,The Anderson School,2,9607745.76
M345,"Collaborative Academy of Science, Technology, & Lang. Arts",2,4387426.14
M347,The 47 American Sign Language & English Lower School,2,11754996.19
M349,Harbor Heights,2,3527959.46
M377,Renaissance School of the Arts,2,4313760.25
M378,School for Global Leaders,2,6092463.14
M381,Global Neighborhood Secondary School,2,4775234.16
M406,Global Technology Preparatory,2,5066660.45
M410,The Urban Assembly Institute for New Technologies,2,3345669.31
M421,West Prep Academy,2,5120553.45
M442,"Ballet Tech, NYC Public School for Dance",2,3474875.65
M514,New Design Middle School,2,7833004.15
M528,I.S. 528 Bea Fuller Rodgers School,2,4802079.62
M825,Isaac Newton Middle School for Math & Science,2,6729116.42
M839,Tompkins Square Middle School,2,7600591.6
M862,Mott Hall II,2,5603461.32
M896,Lower Manhattan Community Middle School,2,10143412.34
M933,City Knoll Middle School,2,2261405.36
Q005,I.S. 5 - The Walter Crowley Intermediate School,2,34919532.84
Q008,J.H.S. 008 Richard S. Grossley,2,11726576.44
Q010,I.S. 010 Horace Greeley,2,16097615.32
Q025,I.S. 025 Adrien Block,2,14546463.94
Q042,P.S./M.S 042 R. Vernam,2,16153249.01
Q043,P.S. 043,2,22073062.28
Q047,P.S. 047 Chris Galas,2,6050497.22
Q049,P.S. 049 Dorothy Bonawit Kole,2,18522107.59
Q053,M.S. 053 Brian Piccolo,2,9119789.94
Q059,I.S. 059 Springfield Gardens,2,10273968.73
Q061,I.S. 061 Leonardo Da Vinci,2,42974672.44
Q067,J.H.S. 067 Louis Pasteur,2,14404292.84
Q072,Catherine & Count Basie Middle School 72,2,16060435.2
Q073,I.S. 73 - The Frank Sansivieri Intermediate School,2,32606578.9
Q074,J.H.S. 074 Nathaniel Hawthorne,2,19033202.61
Q077,I.S. 077,2,21726210.79
Q084,P.S. 084 Steinway,2,8252963.33
Q087,P.S. / I.S. 087 Middle Village,2,13817672.36
Q093,I.S. 093 Ridgewood,2,21420982.19
Q102,P.S. 102 Bayview,2,23164425.3
Q105,P.S. 105 The Bay School,2,17967399.62
Q109,Jean Nuzzi Intermediate School,2,17737675.59
Q111,P.S. 111 Jacob Blackwell,2,10296876.27
Q113,P.S./I.S. 113 Anthony J. Pranzo,2,16496846.41
Q114,P.S. / M.S. 114 Belle Harbor,2,14580431.68
Q116,PS/IS 116 William C. Hughley,2,15657605.75
Q119,I.S. 119 The Glendale,2,18023829.76
Q122,P.S. 122 Mamie Fay,2,22595284.27
Q124,P.S. 124 Osmond A Church,2,22251274.86
Q125,I.S. 125 Thom J. McCann Woodside,2,27360047.97
Q126,Albert Shanker School for Visual and Performing Arts,2,12178182.07
Q127,P.S. 127 Aerospace Science Magne,2,26649818.34
Q128,"P.S. 128 The Lorraine Tuzzo, Juniper Valley Elementary",2,15725076.65
Q137,M.S. 137 America's School of Heroes,2,32027955.34
Q138,P.S./ M.S.138 Sunrise,2,16035479.85
Q141,I.S. 141 The Steinway,2,19838099.18
Q145,I.S. 145 Joseph Pulitzer,2,38509791.62
Q146,P.S. 146 Howard Beach,2,14630460.21
Q147,PS/MS 147 Ronald McNair,2,13653776.49
Q156,P.S. 156 Laurelton,2,9966828.41
Q157,J.H.S. 157 Stephen A. Halsey,2,27066629.6
Q158,M.S. 158 Marie Curie,2,17380560.64
Q164,P.S. 164 Queens Valley,2,13622123.93
Q172,Irwin Altman Middle School 172,2,17270551.31
Q178,P.S./ IS 178 Holliswood,2,9317954.25
Q183,P.S. 183 Dr. Richard R. Green,2,12919703.8
Q185,J.H.S. 185 Edward Bleeker,2,25044179.59
Q189,J.H.S. 189 Daniel Carter Beard,2,13605286.18
Q190,J.H.S. 190 Russell Sage,2,17864589.01
Q192,I.S. 192 The Linden,2,10957504.02
Q194,J.H.S. 194 William Carr,2,19265039.58
Q200,PS/MS 200 - The Pomonok School & STAR Academy,2,10556077.66
Q202,J.H.S. 202 Robert H. Goddard,2,18598922.45
Q204,I.S. 204 Oliver W. Holmes,2,13001302.74
Q207,P.S. 207 Rockwood Park,2,18415611.29
Q208,P.S. / I.S. 208,2,15287624.3
Q210,J.H.S. 210 Elizabeth Blackwell,2,32649347.82
Q216,J.H.S. 216 George J. Ryan,2,21541083.36
Q217,J.H.S. 217 Robert A. Van Wyck,2,28035870.42
Q219,P.S. 219 Paul Klapper,2,16329825.34
Q226,J.H.S. 226 Virgil I. Grissom,2,20061967.15
Q227,I.S. 227 Louis Armstrong,2,33402107.34
Q230,I.S. 230,2,18798616.44
Q232,P.S. 232 Lindenwood,2,18647679.1
Q235,Academy for New Americans,2,3904595.91
Q237,I.S. 237,2,21734587.72
Q238,I.S. 238 - Susan B. Anthony Academy,2,28290073.19
Q250,I.S. 250 The Robert F. Kennedy Community Middle School,2,7679585.41
Q266,P.S. / I.S. 266,2,14128961.25
Q268,PS/IS 268,2,11748188.19
Q270,The Gordon Parks School,2,13061192.4
Q282,Knowledge and Power Preparatory Academy VI,2,4691392.05
Q287,The Emerson School,2,5179671.67
Q289,Queens United Middle School,2,3261284.26
Q291,Hunters Point Community Middle School,2,5501197.37
Q294,BELL Academy,2,7051599.08
Q295,P.S./I.S. 295,2,11180961.16
Q297,Hawtree Creek Middle School,2,5254798.3
Q311,Corona Arts and Sciences Academy,2,4732070.55
Q318,Waterside School For Leadership,2,4830707
Q319,Village Academy,2,7808230.51
Q332,Redwood Middle School,2,2424308.45
Q333,Goldie Maple Academy,2,10058915.09
Q355,Collaborative Arts Middle School,2,9273500.72
Q356,Community Voices Middle School,2,9001214.65
Q499,"The Queens College School for Math, Science and Technology",2,9833316.43
R002,I.S. R002 George L. Egbert,2,17435930.17
R007,I.S. 007 Elias Bernstein,2,24652354.66
R024,I.S. 024 Myra S. Barnes,2,31404986.4
R027,I.S. 027 Anning S. Prall,2,22400186.2
R028,The Eagle Academy for Young Men of Staten Island,2,2187826.06
R034,I.S. 034 Tottenville,2,25130242.4
R049,I.S. 49 Berta A. Dreyfus,2,16992175.49
R051,I.S. 051 Edwin Markham,2,25804276.46
R061,I.S. 061 William A Morris,2,24112506.97
R063,Marsh Avenue School for Expeditionary Learning,2,9839125.16
R072,I.S. 072 Rocco Laurie,2,28448269.57
R075,I.S. 075 Frank D. Paulo,2,30930951.5
R861,Staten Island School of Civic Leadership,2,17903115.5
X003,P.S. 3 Raul Julia Micro Society,2,9615341.71
X004,P.S./M.S. 004 Crotona Park West,2,13691612.15
X005,PS 5 Port Morris,2,16291039.53
X015,P.S. X015 Institute for Environmental Learning,2,11233523.39
X019,P.S. 019 Judith K. Weiss,2,10244473.18
X020,"PS/MS 20 P.O.George J. Werdann, III",2,23708050.41
X022,J.H.S. 022 Jordan L. Mott,2,12928010.95
X029,P.S./M.S. 029 Melrose School,2,16749655.37
X031,P.S./M.S. 031 The William Lloyd Garrison,2,15243434.61
X037,P.S. X037 - Multiple Intelligence School,2,15511625.19
X045,Thomas C. Giordano Middle School 45,2,15583959.83
X071,P.S. 071 Rose E. Scala,2,32090508.79
X080,J.H.S. 080 The Mosholu Parkway,2,15681725.97
X083,P.S. 083 Donald Hertz,2,31998925.1
X089,P.S. 089 Bronx,2,28270626.31
X095,P.S. 095 Sheila Mencher,2,26952214.95
X098,J.H.S. 098 Herman Ridder,2,7996259.92
X101,M.S. X101 Edward R. Byrne,2,9900690.14
X117,I.S. 117 Joseph H. Wade,2,14860779.77
X118,J.H.S. 118 William W. Niles,2,22800953.84
X123,J.H.S. 123 James M. Kieran,2,10171000.64
X125,J.H.S. 125 Henry Hudson,2,9201986.5
X127,J.H.S. 127 The Castle Hill,2,14397894.57
X128,Mott Hall III,2,6538280.09
X129,M.S. 129 Academy for Independent Learning and Lead,2,13536494.4
X131,J.H.S. 131 Albert Einstein,2,14112085.44
X142,MS 142 John Philip Sousa,2,4347879.34
X144,J.H.S. 144 Michelangelo,2,13157715.64
X145,J.H.S. 145 Arturo Toscanini,2,9321119.33
X151,J.H.S. 151 Lou Gehrig,2,7041596.63
X162,J.H.S. 162 Lola Rodriguez De Tio,2,10207455.66
X175,P.S. 175 City Island,2,6477824.77
X180,M.S. 180 Dr. Daniel Hale Williams,2,19775500.23
X181,I.S. 181 Pablo Casals,2,18958951.36
X190,E.S.M.T- I.S. 190,2,5910031.22
X194,PS/MS 194,2,25424866.07
X203,M.S. 203,2,3431262.7
X206,I.S. 206 Ann Mersereau,2,7414978.18
X211,P.S. 211,2,15848580.14
X212,P.S. 212,2,11471361.34
X214,P.S. 214,2,21161094.2
X215,Kappa,2,5809835.71
X217,School of Performing Arts,2,8928397
X218,P.S./I.S. 218 Rafael Hernandez Dual Language Magnet,2,20049602.88
X219,I.S. 219 New Venture School,2,8358965.6
X224,P.S. / I.S. 224,2,8502240.24
X228,Jonas Bronck Academy,2,8063962.37
X229,I.S. 229 Roland Patterson,2,8862379.16
X232,I.S. 232,2,11542029.01
X244,The New School for Leadership and Journalism,2,16081479.13
X254,I.S. 254,2,11868045.26
X272,Globe School for Environmental Research,2,6613515.16
X273,Frederick Douglass Academy V. Middle School,2,6245124.69
X279,"P.S. 279 Captain Manuel Rivera, Jr.",2,22359574.67
X280,P.S./M.S. 280 Mosholu Parkway,2,17091054.46
X286,Fannie Lou Hamer Middle School,2,6011084.72
X287,The Forward School,2,6011868.96
X289,The Young Scholars Academy of The Bronx,2,7768370.96
X296,South Bronx Academy for Applied Media,2,8658164.93
X298,Academy of Public Relations,2,8105228.04
X301,M.S. 301 Paul L. Dunbar,2,5937442.03
X302,M.S. 302 Luisa Dessus Cruz,2,12465115.2
X303,I.S. X303 Leadership & Community Service,2,7543542.75
X308,Bronx Dance Academy School,2,6446155.31
X313,I.S. 313 School of Leadership Development,2,8971559.74
X315,P.S. 315 Lab School,2,6464677.87
X316,Kappa III,2,7926482.83
X318,"I.S. X318 Math, Science & Technology Through Arts",2,7885237.99
X323,Bronx Writing Academy,2,10584740.82
X325,Urban Science Academy,2,8055114.47
X326,Bronx Green Middle School,2,8711207.12
X328,New Millennium Business Academy Middle School,2,4582035.66
X331,The Bronx School of Young Leaders,2,9685379.96
X337,The School for Inquiry and Social Justice,2,8877043.72
X339,I.S. 339,2,15619957.59
X341,Accion Academy,2,4342782.86
X343,Academy of Applied Mathematics and Technology,2,7020796.31
X350,New Directions Secondary School,2,4803521.7
X355,Bronx Alliance Middle School,2,5309022.9
X361,The Highbridge Green School,2,6567554
X363,ACADEMY FOR PERSONAL LEADERSHIP AND EXCELLENCE,2,12277913.37
X366,Urban Assembly Academy of Civic Engagement,2,5151461.29
X370,School of Diplomacy,2,6372755.37
X371,Urban Institute of Mathematics,2,6716905.45
X375,The Bronx Mathematics Preparatory School,2,7001945.02
X383,Emolior Academy,2,6168547.19
X384,Entrada Academy,2,7064305.65
X390,M.S. 390,2,9813954.71
X391,The Angelo Patri Middle School,2,13955344.24
X424,The Hunts Point School,2,9278530.8
X447,Creston Academy,2,11820125.46
X448,Soundview Academy for Culture and Scholarship,2,8481297.22
X454,Science and Technology Academy: A Mott Hall School,2,9294774.51
X459,East Fordham Academy for the Arts,2,8287188.93
X462,Cornerstone Academy For Social Action Middle Sch. (CASA),2,5673448.61
X467,Mott Hall Community School,2,5841004.34
X468,Pelham Acad. Of Academics & Community Engagement,2,7382777.07
X498,PS/MS 11X498 - VAN NEST Academy,2,11780384.73
X529,One World Middle School at Edenwald,2,8750049.47
X532,Baychester Middle School,2,7036639.21
X556,Bronx Park Middle School,2,8480739.31
X562,Blueprint Middle School,2,5856022.81
X566,Pelham Gardens Middle School,2,9581617.35
X568,Young Women's Leadership School of the Bronx,2,5678647.09
K001,P.S. 001 The Bergen,1,27133044.5
K003,P.S. 003 The Bedford Village,1,11715369.99
K005,P.S. 005 Dr. Ronald Mcnair,1,8580109.02
K006,P.S. 006,1,15300112.91
K007,P.S. 007 Abraham Lincoln,1,20456203.49
K009,P.S. 009 Teunis G. Bergen,1,16243062.76
K010,"Magnet School of Math, Science and Design Technology",1,23413028.56
K011,P.S. 011 Purvis J. Behan,1,14032969.37
K012,Dr. Jacqueline Peek-Davis School,1,7208268.46
K013,P.S. 013 Roberto Clemente,1,12028249.08
K015,P.S. 015 Patrick F. Daly,1,13738797.02
K016,P.S. 016 Leonard Dunkly,1,6636408.94
K017,P.S. 017 Henry D. Woodworth,1,8653875.85
K018,P.S. 018 Edward Bush,1,5696142.5
K019,P.S. 019 Roberto Clemente,1,2907177.74
K020,P.S. 020 Clinton Hill,1,8366220.81
K021,P.S. 021 Crispus Attucks,1,13323028.69
K023,P.S. 023 Carter G. Woodson,1,7314929.17
K024,P.S. 024,1,16578017.94
K025,P.S. 025 Eubie Blake School,1,7536945.37
K026,P.S. 026 Jesse Owens,1,6446217.51
K028,P.S. 028 The Warren Prep Academy,1,6837676.85
K029,P.S. 029 John M. Harrigan,1,14235194.39
K031,P.S. 031 Samuel F. Dupont,1,12719305.3
K032,P.S. 032 Samuel Mills Sprole,1,16310378.94
K034,P.S. 034 Oliver H. Perry,1,9747113.65
K038,P.S. 038 The Pacific,1,12205111.61
K039,P.S. 039 Henry Bristow,1,7396793.08
K040,P.S. 040 George W. Carver,1,8086513.96
K044,P.S. 044 Marcus Garvey,1,6651942.81
K046,P.S. 046 Edward C. Blum,1,9363671.52
K048,P.S. 048 Mapleton,1,12895222.63
K052,P.S. 052 Sheepshead Bay,1,17296920.91
K054,P.S. 054 Samuel C. Barnes,1,7775770.34
K056,P.S. 056 Lewis H. Latimer,1,6803145.17
K058,P.S. 058 The Carroll,1,16828366.18
K059,P.S. 059 William Floyd,1,7922065.85
K065,P.S. 065,1,12256535.33
K067,P.S. 067 Charles A. Dorsey,1,6365891.01
K069,P.S. 69 Vincent D. Grippo School,1,16616888.14
K075,P.S. 075 Mayda Cortiella,1,11885840.69
K081,P.S. 081 Thaddeus Stevens,1,9964858.06
K084,P.S. 084 Jose De Diego,1,16512143.14
K086,P.S. 086 The Irvington,1,9603262.93
K090,P.S. 90 Edna Cohen School,1,14486999.74
K091,P.S. 091 The Albany Avenue School,1,12158137.21
K092,P.S. 092 Adrian Hegeman,1,10924295.52
K093,P.S. 093 William H. Prescott,1,7461829.6
K094,P.S. 094 The Henry Longfellow,1,25784234.87
K097,P.S. 97 The Highlawn,1,17366332.7
K100,P.S. 100 The Coney Island School,1,13874864.03
K101,P.S. 101 The Verrazano,1,17021429.78
K102,P.S. 102 The Bayview,1,24291847.12
K105,P.S. 105 The Blythebourne,1,30094087.99
K106,P.S. 106 Edward Everett Hale,1,13784119.2
K107,P.S. 107 John W. Kimball,1,9754651.17
K108,P.S. 108 Sal Abbracciamento,1,18207756.86
K110,P.S. 110 The Monitor,1,8898878.82
K112,P.S. 112 Lefferts Park,1,10820242.66
K114,P.S. 114 Ryder Elementary,1,12911351.37
K115,P.S. 115 Daniel Mucatel School,1,21633590.86
K116,P.S. 116 Elizabeth L Farrell,1,12041245.04
K118,The Maurice Sendak Community School,1,4900304.76
K119,P.S. 119 Amersfort,1,9415091.08
K120,P.S. 120 Carlos Tapia,1,10885238.22
K123,P.S. 123 Suydam,1,16668628.75
K124,P.S. 124 Silas B. Dutcher,1,8239102.08
K127,P.S. 127 Mckinley Park,1,10630364.58
K128,P.S. 128 Bensonhurst,1,9010069.55
K130,P.S. 130 The Parkside,1,14155121.39
K131,P.S. 131 Brooklyn,1,21269678.27
K132,P.S. 132 The Conselyea School,1,13422150.12
K133,P.S. 133 William A. Butler,1,11686513.96
K134,P.S. K134,1,11101120.3
K135,P.S. 135 Sheldon A. Brookner,1,13948730.19
K139,P.S. 139 Alexine A. Fenty,1,18480096.23
K145,P.S. 145 Andrew Jackson,1,17404714.36
K146,P.S. 146,1,16250350.75
K147,P.S. 147 Isaac Remsen,1,7417991.11
K149,P.S. 149 Danny Kaye,1,15447091.86
K150,P.S. 150 Christopher,1,5985808.59
K151,P.S. 151 Lyndon B. Johnson,1,9010892.93
K152,School of Science & Technology,1,18354412.21
K153,P.S. 153 Homecrest,1,11977632.7
K154,The Windsor Terrace School,1,10493568.44
K156,P.S. 156 Waverly,1,18215412.9
K158,P.S. 158 Warwick,1,13022732.08
K159,P.S. 159 Isaac Pitkin,1,14959096.01
K160,P.S. 160 William T. Sampson,1,23459071.77
K161,P.S. 161 The Crown,1,9645032.65
K164,P.S. 164 Caesar Rodney,1,13387267.68
K167,P.S. 167 The Parkway,1,4305723.08
K169,P.S. 169 Sunset Park,1,30063423.34
K170,Ralph A. Fabrizio School,1,19880306.66
K172,P.S. 172 Beacon School of Excellence,1,13013745.1
K176,P.S. 176 Ovington,1,23426306.81
K177,P.S. 177 The Marlboro,1,18469078.47
K179,P.S. 179 Kensington,1,19388413.6
K185,P.S. 185 Walter Kassenbrock,1,12598256.56
K186,P.S. 186 Dr. Irving A Gladstone,1,17736380.71
K188,P.S. 188 Michael E. Berdy,1,12771573.03
K190,P.S. 190 Sheffield,1,5145810.36
K191,P.S. 191 Paul Robeson,1,5584003.53
K193,P.S. 193 Gil Hodges,1,18387427.65
K194,P.S. 194 Raoul Wallenberg,1,11039852.22
K195,P.S. 195 Manhattan Beach,1,8053248.68
K196,P.S. 196 Ten Eyck,1,9468359.16
K197,P.S. 197 - The Kings Highway Academy,1,13501018.31
K198,P.S. 198 Brooklyn,1,10665875.27
K199,P.S. 199 Frederick Wachtel,1,11638312.84
K200,P.S. 200 Benson School,1,22047685.02
K203,P.S. 203 Floyd Bennett School,1,16553935.4
K204,P.S. 204 Vince Lombardi,1,22324649.51
K205,P.S. 205 Clarion,1,26209817.09
K208,P.S. 208 Elsa Ebeling,1,10339370.61
K212,P.S. 212 Lady Deborah Moody,1,14961728.56
K213,P.S. 213 New Lots,1,10521890.83
K214,P.S. 214 Michael Friedsam,1,19488864.56
K215,P.S. 215 Morris H. Weiss,1,17955785.51
K216,P.S. 216 Arturo Toscanini,1,13573841.38
K217,P.S. 217 Colonel David Marcus School,1,24390811.83
K219,P.S. 219 Kennedy-King,1,13627505.94
K221,P.S. 221 Toussaint L'Ouverture,1,10486736.58
K222,P.S. 222 Katherine R. Snyder,1,21912548.4
K224,P.S. 224 Hale A. Woodruff,1,13212393.86
K230,P.S. 230 Doris L. Cohen,1,27921952.41
K233,P.S. 233 Langston Hughes,1,11938106.95
K236,P.S. 236 Mill Basin,1,10995922.43
K241,P.S. 241 Emma L. Johnston,1,13954981.69
K243,P.S. 243K- The Weeksville School,1,8431280.56
K244,P.S. 244 Richard R. Green,1,20849896.23
K245,P.S. 245,1,7013092.26
K247,P.S. 247 Brooklyn,1,14945974.61
K249,P.S. 249 The Caton,1,16905465.51
K250,P.S. 250 George H. Lindsay,1,13595463.58
K251,P.S. 251 Paerdegat,1,13926605.22
K253,P.S. 253,1,17650262.36
K254,P.S. 254 Dag Hammarskjold,1,13154683.4
K255,P.S. 255 Barbara Reing School,1,20740722.72
K256,P.S. 256 Benjamin Banneker,1,8328589.75
K257,P.S. 257 John F. Hylan,1,16629243.67
K261,P.S. 261 Philip Livingston,1,15150501.51
K264,P.S. 264 Bay Ridge Elementary School For The Arts,1,9082706.76
K268,P.S. 268 Emma Lazarus,1,9386280.92
K269,P.S. 269 Nostrand,1,9516279.57
K270,P.S. 270 Johann DeKalb,1,5145271.7
K272,P.S. 272 Curtis Estabrook,1,13190882.05
K273,P.S. 273 Wortman,1,8981973.83
K274,P.S. 274 Kosciusko,1,12274347.07
K276,P.S. 276 Louis Marshall,1,17186075.07
K277,P.S. 277 Gerritsen Beach,1,10537017.63
K279,P.S. 279 Herman Schreiber,1,12011612.88
K287,P.S. 287 Bailey K. Ashford,1,5684750.49
K289,P.S. 289 George V. Brower,1,12705580.26
K290,P.S. 290 Juan Morel Campos,1,12087594.88
K295,P.S. 295,1,11869883.62
K297,P.S. 297 Abraham Stockton,1,7145713.72
K298,P.S. 298 Dr. Betty Shabazz,1,7969193.16
K299,P.S. 299 Thomas Warren Field,1,9385850.17
K305,P.S. 305 Dr. Peter Ray,1,5226506.81
K307,P.S. 307 Daniel Hale Williams,1,14311398.41
K309,P.S. 309 The George E. Wibecan Preparatory Academy,1,8288830.28
K310,The School For Future Leaders,1,8768675.48
K312,P.S. 312 Bergen Beach,1,18330103.55
K315,P.S. K315,1,16106413.91
K316,P.S. 316 Elijah Stroud,1,9669567.46
K319,P.S. 319,1,3392798.5
K321,P.S. 321 William Penn,1,24517641.02
K325,The Fresh Creek School,1,6279888.82
K326,P.S. 326,1,6080870.79
K328,P.S. 328 Phyllis Wheatley,1,8992873.07
K329,P.S. 329 Surfside,1,11554886.22
K335,P.S. 335 Granville T. Woods,1,9561117.05
K345,P.S. 345 Patrolman Robert Bolden,1,13434446.38
K346,P.S. 346 Abe Stark,1,15176411.18
K361,P.S. 361 East Flatbush Early Childhood School,1,12587030.37
K375,P.S. 375 Jackie Robinson School,1,12649507.54
K376,P.S. 376,1,11844602.59
K380,P.S. 380 John Wayne Elementary,1,16793113.69
K397,P.S. 397 Foster-Laurie,1,6889502.26
K398,P.S. 398 Walter Weaver,1,11037918.78
K399,P.S. 399 Stanley Eugene Clark,1,8440963.26
K401,Christopher Avenue Community School,1,7432874.38
K414,Brooklyn Arbor Elementary School,1,9029170.53
K446,Riverdale Avenue Community School,1,7274559.16
K503,PS 503: The School of Discovery,1,24973195.15
K506,P.S. 506: The School of Journalism & Technology,1,16065500.6
K516,Sunset Park Avenues Elementary School,1,5388150.98
K532,New Bridges Elementary,1,7357684.31
K557,Brooklyn Gardens Elementary School,1,5360441.31
K599,Brooklyn Landmark Elementary School,1,4873071.88
K627,Brighter Choice Community School,1,3340127.91
K628,Brooklyn Brownstone School,1,4676753.41
K631,General D. Chappie James Elementary School of Science,1,1872312.35
K636,Young Scholars' Academy for Discovery and Exploration,1,4392315.7
K676,Red Hook Neighborhood School,1,5908835.03
K677,East New York Elementary School of Excellence,1,13545295.25
K682,The Academy of Talented Scholars,1,10505296.06
K686,Brooklyn School of Inquiry,1,8338562.11
K705,Brooklyn Arts and Science Elementary School,1,8773875.58
K748,P.S. 748 Brooklyn School for Global Scholars,1,10785900.61
K770,P.S. 770 New American Academy,1,6087966.32
K971,"School of Math, Science, and Healthy Living",1,7231629.55
M001,P.S. 001 Alfred E. Smith,1,11102922.2
M002,P.S. 002 Meyer London,1,16212834.16
M003,P.S. 003 Charrette School,1,15246139.32
M004,P.S. 004 Duke Ellington,1,14218845.78
M005,P.S. 005 Ellen Lurie,1,15725202.52
M006,P.S. 006 Lillie D. Blake,1,13371823.68
M008,P.S. 008 Luis Belliard,1,12622381.13
M009,P.S. 009 Sarah Anderson,1,12614141.72
M011,P.S. 011 William T. Harris,1,16103723.23
M015,P.S. 015 Roberto Clemente,1,6285091.34
M019,P.S. 019 Asher Levy,1,9323340.05
M020,P.S. 020 Anna Silver,1,13811641.23
M028,P.S. 028 Wright Brothers,1,17181586.12
M030,P.S. 030 Hernandez/Hughes,1,10972841.23
M033,P.S. 033 Chelsea Prep,1,11735773.82
M036,P.S. 036 Margaret Douglas,1,13498051.16
M037,River East Elementary,1,5175903.8
M038,P.S. 38 Roberto Clemente,1,6859094.83
M040,P.S. 040 Augustus Saint-Gaudens,1,11369479.26
M041,P.S. 041 Greenwich Village,1,13892914.61
M042,P.S. 042 Benjamin Altman,1,15369677.78
M048,P.S. 048 P.O. Michael J. Buczek,1,14026233.51
M051,P.S. 051 Elias Howe,1,8063114.78
M059,P.S. 059 Beekman Hill International,1,10763307.64
M063,The STAR Academy - P.S.63,1,6568330.74
M064,P.S. 064 Robert Simon,1,8376342.6
M072,The Lexington Academy,1,12374017.26
M075,P.S. 075 Emily Dickinson,1,14193139.74
M077,P.S. 77 Lower Lab School,1,6155379.35
M083,P.S. 083 Luis Munoz Rivera,1,9207287.6
M084,P.S. 084 Lillian Weber,1,10724224.5
M087,P.S. 087 William Sherman,1,16906501.38
M089,P.S. 89,1,8891396.83
M092,P.S. 092 Mary McLeod Bethune,1,9179508.65
M098,P.S. 098 Shorac Kappock,1,14473869.41
M102,P.S. 102 Jacques Cartier,1,9132508.52
M103,Dos Puentes Elementary School,1,3011415.22
M110,P.S. 110 Florence Nightingale,1,8785959.25
M112,P.S. 112 Jose Celso Barbosa,1,15009046.23
M115,P.S. 115 Alexander Humboldt,1,12732263.9
M116,P.S. 116 Mary Lindley Murray,1,12893230.59
M124,P.S. 124 Yung Wing,1,16863316.52
M125,P.S. 125 Ralph Bunche,1,7048056
M128,P.S. 128 Audubon,1,14762153.33
M130,P.S. 130 Hernando De Soto,1,17064349.79
M132,P.S. 132 Juan Pablo Duarte,1,14672070.06
M133,P.S. 133 Fred R Moore,1,7704927.25
M134,P.S. 134 Henrietta Szold,1,7804850.87
M137,P.S. 137 John L. Bernstein,1,6603811.91
M142,P.S. 142 Amalia Castro,1,10562038.22
M145,"P.S. 145, The Bloomingdale School",1,10190899.45
M146,P.S. 146 Ann M. Short,1,13399329.16
M150,P.S. 150,1,4272525.5
M151,Yorkville Community School,1,10438771.23
M152,P.S. 152 Dyckman Valley,1,14410167.42
M153,P.S. 153 Adam Clayton Powell,1,16174224.91
M154,P.S. 154 Harriet Tubman,1,8589474.5
M155,P.S. 155 William Paca,1,9181997.2
M158,P.S. 158 Bayard Taylor,1,14079983.97
M163,P.S. 163 Alfred E. Smith,1,13004507.32
M166,P.S. 166 The Richard Rodgers School of The Arts & Technology,1,10774638.8
M173,P.S. 173,1,13132745.57
M175,P.S. 175 Henry H Garnet,1,9538234.51
M178,Professor Juan Bosch Public School,1,8715121.06
M182,The Bilingual Bicultural School,1,7217542.83
M183,P.S. 183 Robert L. Stevenson,1,11145617.01
M185,P.S. 185 - The Early Childhood Discovery & Design Magnet,1,6304157.52
M189,P.S. 189,1,21254468.6
M192,P.S. 192 Jacob H. Schiff,1,8525974.14
M194,P.S. 194 Countee Cullen,1,5510130.22
M197,P.S. 197 John B. Russwurm,1,9305593.2
M198,P.S. 198 Isador E. Ida Straus,1,10131969.03
M199,P.S. 199 Jessie Isador Straus,1,15846957.36
M200,P.S. 200- The James Mccune Smith School,1,12888960.03
M208,P.S. 208 Alain L. Locke,1,4189352.09
M212,P.S. 212 Midtown West,1,6691905.34
M234,P.S. 234 Independence School,1,13003203.24
M241,STEM Institute of Manhattan,1,4244708.91
M242,P.S. 242 - The Young Diplomats Magnet Academy,1,6707491.49
M267,"East Side Elementary School, PS 267",1,6399060.25
M281,The River School,1,2771026.05
M290,P.S. 290 Manhattan New School,1,10855974.75
M314,Muscota,1,5398647.19
M315,The East Village Community School,1,6592673.96
M318,Thurgood Marshall Academy Lower School,1,4861959.44
M325,P.S. 325,1,7342907.42
M340,Sixth Avenue Elementary School,1,2012458.07
M343,The Peck Slip School,1,3306414.58
M361,The Children's Workshop School,1,5573031.5
M363,Neighborhood School,1,7460367.38
M364,Earth School,1,6710261.25
M366,Washington Heights Academy,1,9707285.69
M368,Hamilton Heights School,1,4102415.96
M375,Mosaic Preparatory Academy,1,8528558.88
M397,Spruce Street School,1,8619485.98
M452,P.S. 452,1,5759622.36
M497,Central Park East I,1,4606227.72
M513,Castle Bridge School,1,3676668.74
M517,Teachers College Community School,1,4791603.25
M527,PS 527 - East Side School for Social Action,1,5246167.48
M964,Central Park East II,1,7217044.7
Q002,P.S. 002 Alfred Zimberg,1,12948657.65
Q007,P.S. 007 Louis F. Simeone,1,22046100.71
Q011,P.S. 011 Kathryn Phelan,1,24866271.76
Q012,P.S. 012 James B. Colgate,1,22716377
Q013,P.S. 013 Clement C. Moore,1,28423632.01
Q014,P.S. 014 Fairview,1,30422667.18
Q015,P.S. 015 Jackie Robinson,1,8767200.1
Q016,P.S. Q016 The Nancy DeBenedittis School,1,30783026.12
Q017,P.S. 017 Henry David Thoreau,1,12726126.47
Q018,P.S. 018 Winchester,1,10605403.68
Q019,P.S. 019 Marino Jeantet,1,37844183.92
Q020,P.S. 020 John Bowne,1,26199957.23
Q021,P.S. 021 Edward Hart,1,25083031.48
Q022,P.S. 022 Thomas Jefferson,1,15971672.12
Q024,P.S. 024 Andrew Jackson,1,17228529.69
Q026,P.S. 026 Rufus King,1,12597608.83
Q028,P.S. 28 - The Thomas Emanuel Early Childhood Center,1,11220201.94
Q029,P.S. 029 Queens,1,14903789.16
Q031,P.S. 031 Bayside,1,10483055.74
Q032,P.S. 032 State Street,1,17657308.77
Q033,P.S. 033 Edward M. Funk,1,19688553.36
Q034,P.S. 034 John Harvard,1,10411798
Q035,P.S. 035 Nathaniel Woodhull,1,12280806.4
Q036,P.S. 036 Saint Albans School,1,9955897.86
Q037,Cynthia Jenkins School,1,12176033.75
Q038,P.S. 038 Rosedale,1,5032418.68
Q040,P.S. 040 Samuel Huntington,1,12546403.52
Q041,P.S. 041 Crocheron,1,11250344.88
Q045,P.S. 045 Clarence Witherspoon,1,8989981.28
Q046,P.S. 046 Alley Pond,1,18309148.39
Q048,P.S. 048 William Wordsworth,1,10971093.92
Q050,P.S. 050 Talfourd Lawn Elementary School,1,15718248.18
Q051,P.S. 051,1,5512878.87
Q052,P.S. 052 Queens,1,11596385.4
Q054,P.S. 054 Hillside,1,11699133.75
Q055,P.S. 055 Maure,1,10395449.74
Q056,P.S. 056 Harry Eichler,1,8777324.02
Q058,P.S. 58 - School of Heroes,1,18839604.17
Q060,P.S. 060 Woodhaven,1,23036649.61
Q062,P. S. 62 - Chester Park School,1,15410411.38
Q063,P.S. 063 Old South,1,24866050.18
Q064,P.S. 064 Joseph P. Addabbo,1,11481805.44
Q065,P.S. 65 - The Raymond York Elementary School,1,11903616.09
Q066,P.S. 066 Jacqueline Kennedy Onassis,1,11524827.17
Q068,P.S. 068 Cambridge,1,14473781.94
Q069,P.S. 069 Jackson Heights,1,19588883.77
Q070,P.S. 070 Queens,1,19130981.28
Q071,P.S. 071 Forest,1,17819708.5
Q076,P.S. 076 William Hallet,1,18341547.67
Q078,P.S./I.S. 78Q,1,9028572.1
Q079,P.S. 079 Francis Lewis,1,17260048.89
Q080,PS 80 The Thurgood Marshall Magnet School of Multimedia,1,15054268.32
Q081,P.S. 81Q Jean Paul Richter,1,20260641.49
Q082,P.S. 082 Hammond,1,14180982.63
Q085,P.S. 085 Judge Charles Vallone,1,12415998.81
Q086,P.S. Q086,1,17591601.08
Q088,P.S. 088 Seneca,1,23591274.8
Q089,P.S. 089 Elmhurst,1,33985404.66
Q090,P.S. 090 Horace Mann,1,17192738.66
Q091,P.S. 091 Richard Arkwright,1,17583489.53
Q092,P.S. 092 Harry T. Stewart Sr.,1,18821437.11
Q094,P.S. 094 David D. Porter,1,7456897.29
Q095,P.S. 095 Eastwood,1,25407654.79
Q096,P.S. 096,1,6232663.51
Q097,P.S. 097 Forest Park,1,13802768.66
Q098,P.S. 098 The Douglaston School,1,4703652.17
Q099,P.S. 099 Kew Gardens,1,18364963.64
Q100,P.S. 100 Glen Morris,1,17886799.04
Q101,P.S. 101 School in the Gardens,1,11212811.27
Q104,P.S. 104 The Bays Water,1,15606911.41
Q106,P.S. 106,1,5601433.02
Q107,P.S. 107 Thomas A Dooley,1,22484807.61
Q108,P.S. 108 Captain Vincent G. Fowler,1,24611546.59
Q110,PS 110,1,5060889.55
Q112,P.S. 112 Dutch Kills,1,12010882.12
Q115,P.S. 115 Glen Oaks,1,13724124.32
Q117,P.S. 117 J. Keld / Briarwood School,1,19871722.91
Q118,P.S. 118 Lorraine Hansberry,1,11708157.7
Q120,P.S. 120 Queens,1,18437209.47
Q121,P.S. 121 Queens,1,14406516.72
Q123,P.S. 123,1,14238940.6
Q129,P.S. 129 Patricia Larkin,1,20770984.53
Q130,P.S. 130,1,8461529.44
Q131,P.S. 131 Abigail Adams,1,13956304.03
Q132,P.S. 132 Ralph Bunche,1,7913040.89
Q133,P.S. 133 Queens,1,10862651.66
Q134,P.S. 134 Hollis,1,11703591.12
Q135,The Bellaire School,1,19180732.37
Q136,P.S. 136 Roy Wilkins,1,12207458.96
Q139,P.S. 139 Rego Park,1,15753212.08
Q140,P.S. 140 Edward K Ellington,1,11362838.21
Q143,P.S. 143 Louis Armstrong,1,33144242.09
Q144,P.S. 144 Col Jeromus Remsen,1,15467001.75
Q148,P.S. 148 Queens,1,19830832.98
Q149,P.S. 149 Christa Mcauliffe,1,22759956.19
Q150,P.S. 150 Queens,1,21793190.59
Q151,P.S. 151 Mary D. Carter,1,11732229.53
Q152,P.S. 152 Gwendoline N. Alleyne School,1,24812585.91
Q153,P.S. 153 Maspeth Elem,1,25260498
Q154,P.S. 154 Queens,1,13294234.09
Q155,P.S. 155,1,11410576.26
Q159,P.S. 159,1,12625390.58
Q160,P.S. 160 Walter Francis Bishop,1,15135029.01
Q161,P.S. 161 Arthur Ashe School,1,13889831.58
Q162,P.S. 162 John Golden,1,12761686.98
Q163,P.S. 163 Flushing Heights,1,11558886.72
Q165,P.S. 165 Edith K. Bergtraum,1,20144940.56
Q166,P.S. 166 Henry Gradstein,1,22766708.45
Q169,P.S. 169 Bay Terrace,1,9166533.06
Q171,P.S. 171 Peter G. Van Alst,1,12730263.2
Q173,P.S. 173 Fresh Meadows,1,16598666.23
Q174,P.S. 174 William Sidney Mount,1,13442358.1
Q175,P.S. 175 The Lynn Gross Discovery School,1,12966991.41
Q176,P.S. 176 Cambria Heights,1,13755486.47
Q181,P.S. 181 Brookfield,1,9157441.1
Q182,P.S. 182 Samantha Smith,1,18172477.02
Q184,P.S. 184 Flushing Manor,1,9314232.1
Q186,P.S. 186 Castlewood,1,14587350.7
Q188,P.S. 188 Kingsbury,1,12625881.65
Q191,P.S. 191 Mayflower,1,7342723.54
Q193,P.S. 193 Alfred J. Kennedy,1,10765178.98
Q195,P.S. 195 William Haberle,1,14533531.2
Q196,P.S. 196 Grand Central Parkway,1,12963130.88
Q197,P.S. 197 The Ocean School,1,13526209.33
Q199,P.S. 199 Maurice A. Fitzgerald,1,21708715.07
Q201,P.S. 201 The Discovery School for Inquiry and Rese,1,12457115.49
Q203,P.S. 203 Oakland Gardens,1,16186887.95
Q205,P.S. 205 Alexander Graham Bell,1,6528833.44
Q206,P.S. 206 The Horace Harding School,1,11819557.44
Q209,P.S. 209 Clearview Gardens,1,11785053.42
Q211,Elm Tree Elementary School,1,5815883.53
Q212,P.S. 212,1,15348815.56
Q213,P.S. 213 The Carl Ullman School,1,9514629.89
Q214,P.S. 214 Cadwallader Colden,1,10000809.16
Q215,P.S. 215 Lucretia Mott,1,2732627.76
Q220,P.S. 220 Edward Mandel,1,14703503.8
Q221,P.S. 221 The North Hills School,1,11949189.14
Q222,P.S. Q222 - Fire Fighter Christopher A. Santora,1,6588183.72
Q223,P.S. 223 Lyndon B. Johnson,1,15103911.83
Q228,P.S. 228 Early Childhood Magnet School of the Arts,1,8541538.32
Q229,P.S. 229 Emanuel Kaplan,1,27887867.46
Q234,P.S. 234,1,12456419.92
Q239,P.S. 239,1,14542268.99
Q242,P.S. 242 Leonard P. Stavisky Early Childhood School,1,9789420.87
Q244,The Active Learning Elementary School,1,8431646.35
Q251,P.S. 251 Queens,1,7444196.14
Q253,P.S. 253,1,11223779.71
Q254,P.S. 254 - The Rosa Parks School,1,13427537.43
Q273,P.S. 273,1,6889577.03
Q280,P.S. 280,1,12700533.35
Q290,A.C.E. Academy for Scholars at the Geraldine Ferraro Campus,1,8031089.18
Q300,The 30th Avenue School (G&T Citywide),1,2608096
Q303,The Academy for Excellence through the Arts,1,4187639.17
Q305,Learners and Leaders,1,8152203.15
Q306,New York City Academy for Discovery,1,9862898.56
Q307,Pioneer Academy,1,18268769.39
Q312,Jamaica Children's School,1,1068339.32
Q316,Queens Explorers Elementary School,1,2722772.76
Q317,Waterside Children's Studio School,1,10625569.01
Q329,East Elmhurst Community School,1,3720643.71
Q330,P.S. 330,1,11019694.19
Q343,The Children's Lab School,1,3178911.28
Q354,PS 354,1,12847635.8
Q362,Wave Preparatory Elementary School,1,9174664
Q877,The 51 Avenue Academy (The Path To Academic Excellence),1,11707608.52
R001,P.S. 001 Tottenville,1,12041560.26
R003,P.S. 003 The Margaret Gioiosa School,1,23417147.31
R004,P.S. 004 Maurice Wollin,1,25195789.04
R005,P.S. 005 Huguenot,1,6075898.29
R006,P.S. 6 Corporal Allan F. Kivlehan School,1,17631741.88
R008,P.S. 8 Shirlee Solomon,1,12967258.21
R009,Naples Street Elementary School,1,5231344.15
R010,Fort Hill Collaborative Elementary School,1,1584195.56
R011,P.S. 11 Thomas Dongan School,1,7612383.24
R013,P.S. 013 M. L. Lindemeyer,1,17905248.5
R014,P.S. 014 Cornelius Vanderbilt,1,3948733.87
R016,P.S. 016 John J. Driscoll,1,14841521.26
R018,P.S. 018 John G. Whittier,1,15347037.24
R019,P.S. 019 The Curtis School,1,12490971.37
R020,P.S. 020 Port Richmond,1,11342237.53
R021,P.S. 21 Margaret Emery-Elm Park,1,9306886.64
R022,P.S. 022 Graniteville,1,21845983.19
R023,P.S. 023 Richmondtown,1,12894636.34
R026,P.S. 026 The Carteret School,1,5735197.5
R029,P.S. 029 Bardwell,1,14823705.06
R030,P.S. 030 Westerleigh,1,16744933.53
R031,P.S. 031 William T. Davis,1,10177341.43
R032,P.S. 032 The Gifford School,1,15209811.74
R035,P.S. 35 The Clove Valley School,1,7647843.39
R036,P.S. 036 J. C. Drumgoole,1,20704311.92
R038,P.S. 038 George Cromwell,1,8781533.04
R039,P.S. 39 Francis J. Murphy Jr.,1,10185559.82
R041,P.S. 041 New Dorp,1,15292160.51
R042,P.S. 042 Eltingville,1,20591281.86
R044,P.S. 044 Thomas C. Brown,1,22656552.24
R045,P.S. 045 John Tyler,1,18524269.6
R046,P.S. 046 Albert V. Maniscalco,1,7914556.6
R048,P.S. 048 William C. Wilcox,1,16397700.02
R050,P.S. 050 Frank Hankinson,1,19056792.72
R052,P.S. 052 John C. Thompson,1,13098155.62
R053,P.S. 053 Bay Terrace,1,16666066.42
R054,P.S. 054 Charles W. Leng,1,16772378
R055,P.S. 055 Henry M. Boehm,1,14247944.99
R056,P.S. 56 The Louis Desario School,1,16456243.1
R057,P.S. 057 Hubert H. Humphrey,1,18109112.21
R058,Space Shuttle Columbia School,1,20095764.45
R059,The Harbor View School,1,3959219.1
R060,P.S. 060 Alice Austen,1,20608181.95
R065,P.S. 65 The Academy of Innovative Learning,1,9709875.44
R069,P.S. 069 Daniel D. Tompkins,1,26546014.54
R074,P.S. 74 Future Leaders Elementary School,1,8133308.36
R078,PS 78,1,14536595.38
X001,P.S. 001 Courtlandt School,1,14995164.77
X006,P.S. 006 West Farms,1,14097588.88
X007,Milton Fein School,1,13910480.91
X008,P.S. 008 Issac Varian,1,23695278.68
X009,P.S. 9 Ryer Avenue Elementary School,1,17735520.44
X011,P.S. 011 Highbridge,1,16679263.43
X014,P.S. X014 Senator John Calandra,1,12897492.45
X016,P.S. 016 Wakefield,1,11732059.86
X018,P.S. 018 John Peter Zenger,1,13796415.37
X021,P.S. 021 Philip H. Sheridan,1,13898774.73
X023,P.S. 023 The New Children's School,1,16976319.19
X024,P.S. 024 Spuyten Duyvil,1,18945730.82
X025,P.S. 025 Bilingual School,1,13684636.02
X028,P.S. 028 Mount Hope,1,16014607.83
X030,P.S. 030 Wilton,1,13813804.95
X032,P.S. 032 Belmont,1,16972432.17
X033,P.S. 033 Timothy Dwight,1,21581215.2
X035,P.S. 035 Franz Siegel,1,15191363.95
X036,P.S. 036 Unionport,1,16571047.87
X041,P.S. 041 Gun Hill Road,1,17602867.63
X042,P.S. 042 Claremont,1,11880865.81
X043,P.S. 043 Jonas Bronck,1,12442730.52
X044,P.S. 044 David C. Farragut,1,7804558.08
X046,P.S. 046 Edgar Allan Poe,1,27153888.53
X047,P.S. 047 John Randolph,1,21715595.53
X048,P.S. 048 Joseph R. Drake,1,20613314.09
X049,P.S. 049 Willis Avenue,1,16068920.48
X050,P.S. 050 Clara Barton,1,5560297.86
X051,P.S. 051 Bronx New School,1,6683808.71
X053,P.S. 053 Basheer Quisim,1,25271431.74
X054,P.S. / I.S. 54,1,10815673.15
X055,P.S. 055 Benjamin Franklin,1,17032301.71
X056,P.S. 056 Norwood Heights,1,13393112.43
X057,P.S. 057 Crescent,1,12131775.34
X058,P.S. 058,1,12739049.31
X059,P.S. 059 The Community School of Technology,1,15247323.56
X061,P.S. 061 Francisco Oller,1,8730878.01
X062,P.S. 062 Inocensio Casanova,1,16637147.49
X063,P.S. 063 Author's Academy,1,13436434.4
X064,P.S. 064 Pura Belpre,1,9564126.71
X065,P.S. 065 Mother Hale Academy,1,10827835.42
X066,P.S. 066 School of Higher Expectations,1,17212621.82
X067,P.S. 067 Mohegan School,1,14178174.42
X068,P.S. 068 Bronx,1,21786640.46
X069,P.S. 069 Journey Prep School,1,13016481.39
X070,P.S. 070 Max Schoenfeld,1,25760124.6
X072,P.S. 072 Dr. William Dorney,1,20224708.64
X073,P.S. 073 Bronx,1,17246734.96
X075,P.S. 75 School of Research and Discovery,1,14620835.76
X076,P.S. 076 The Bennington School,1,20051147.27
X077,Bedford Park Elementary School,1,2368179.41
X078,P.S. 078 Anne Hutchinson,1,16211875.43
X081,P.S. 081 Robert J. Christen,1,13996200.12
X085,P.S. 085 Great Expectations,1,24465191.62
X086,P.S. 086 Kingsbridge Heights,1,31637693.25
X087,P.S. 087 Bronx,1,12472720.34
X088,P.S. X088 - S. Silverstein Little Sparrow School,1,4468228.31
X091,P.S. 091 Bronx,1,15782472.63
X092,P.S. 092 Bronx,1,12308647.09
X093,P.S. 093 Albert G. Oliver,1,11044918.78
X094,P.S. 094 Kings College School,1,27177026.28
X096,P.S. 096 Richard Rodgers,1,20013445.6
X097,P.S. 097 Bronx,1,14632932.08
X100,P.S. 100 Isaac Clason,1,13466952.39
X103,P.S. 103 Hector Fontanez,1,21908530.87
X105,P.S. 105 Sen Abraham Bernstein,1,26580825.36
X106,P.S. 106 Parkchester,1,22362842.87
X107,P.S. 107,1,12597324.47
X108,P.S. 108 Philip J. Abinanti,1,12211160.8
X109,P.S. 109 Sedgwick,1,17037883.37
X110,P.S. 110 Theodore Schoenfeld,1,10866695.04
X111,P.S. 111 Seton Falls,1,17439528.67
X112,P.S. 112 Bronxwood,1,10127047.22
X114,P.S. X114 - Luis Llorens Torres Schools,1,17673548.78
X119,P.S. 119,1,20127788.4
X121,P.S. 121 Throop,1,18501228.22
X126,P.S. 126 Dr Marjorie H Dunbar,1,15844456.64
X130,P.S. 130 Abram Stevens Hewitt,1,12594269.7
X132,P.S. 132 Garret A. Morgan,1,12757967.34
X134,P.S. 134 George F. Bristow,1,14725458.86
X138,P.S. 138 Samuel Randall,1,16865861.59
X140,P.S. X140 The Eagle School,1,14045675.37
X146,P.S. 146 Edward Collins,1,9691203.82
X150,P.S. 150 Charles James Fox,1,19201015.74
X152,P.S. 152 Evergreen,1,21414550.14
X153,P.S. 153 Helen Keller,1,16496672.38
X154,P.S. 154 Jonathan D. Hyatt,1,10424877.26
X157,P.S. 157 Grove Hill,1,14341252.98
X159,P.S. 159 Luis Munoz Marin Biling,1,5308112.96
X160,P.S. 160 Walt Disney,1,12675610.38
X161,P.S. 161 Ponce De Leon,1,14870892.75
X163,P.S. 163 Arthur A. Schomburg,1,12579048.38
X169,Baychester Academy,1,10291363.31
X170,P.S. 170,1,6343571.82
X178,P.S. 178 - Dr. Selman Waksman,1,13001460.77
X179,P.S. 179,1,9934932.05
X182,P.S. 182,1,18671527.68
X189,Cornerstone Academy for Social Action,1,10195728.28
X195,P.S. 195,1,18353401.38
X196,P.S. 196,1,17717718.06
X199,P.S. 199X - The Shakespeare School,1,16314671.73
X204,P.S. 204 Morris Heights,1,12968599.33
X205,P.S. 205 Fiorello Laguardia,1,19666190.52
X207,P.S. 207,1,10356450.65
X209,P.S. 209,1,6146849.1
X226,P.S. 226,1,10790059.08
X230,P.S. 230 Dr Roland N. Patterson,1,4737912.82
X236,P.S. 236 Langston Hughes,1,11313330.92
X246,P.S. 246 Poe Center,1,15225799.96
X274,The New American Academy at Roberto Clemente State,1,10620057.73
X277,P.S. 277,1,12088770.69
X291,P.S. 291,1,12832770.53
X294,The Walton Avenue School,1,7327670.68
X300,The School of Science and Applied Learning,1,13951991.7
X304,P.S. 304 Early Childhood School,1,12465902.63
X306,P.S. 306,1,16663331.47
X307,Luisa Pineiro Fuentes School of Science and Discovery,1,9653411.1
X310,P.S. 310 Marble Hill,1,16049824
X311,Lucero Elementary School,1,5232725.12
X314,Fairmont Neighborhood School,1,6716826.09
X333,P.S. 333 - The Museum School,1,10502930.49
X335,The Academy of the Arts,1,6331696.53
X340,P.S. 340,1,13357145.36
X344,Ampark Neighborhood,1,6503226.81
X357,Young Voices Academy of the Bronx,1,3609821.55
X359,Concourse Village Elementary School,1,7408645.59
X360,P.S. 360,1,10176479.32
X369,Young Leaders Elementary School,1,8007392.79
X382,"Elementary School for Math, Science, and Technology",1,6329744.1
X385,Performance School,1,6745261.94
X386,School for Environmental Citizenship,1,11709449.35
X392,Bronx Delta School,1,2204181.38
X396,P.S. 396,1,13713864.03
X443,The Family School,1,11255091.74
X449,Grant Avenue Elementary School,1,10072139.88
X457,Sheridan Academy for Young Leaders,1,12879026.71
X458,Samara Community School,1,1721352.11
X463,Urban Scholars Community School,1,8163953.06
X531,Archer Elementary School,1,11896985.52
X536,PS 536,1,8081397.17
X555,Mount Eden Children's Academy,1,5691570.84
X567,Linden Tree Elementary School,1,4108952.11
X691,Bronx Little School,1,8095347.58
K713,CBECC - Community Based Early Childhood Center,3,3818511.83
K714,CBECC - Community Based Early Childhood Center,3,3189583.61
K715,CBECC - Community Based Early Childhood Center,3,6778729.64
K716,CBECC - Community Based Early Childhood Center,3,646024.5
K717,CBECC - Community Based Early Childhood Center,3,9331284.48
K718,CBECC - Community Based Early Childhood Center,3,4785829.41
K719,CBECC - Community Based Early Childhood Center,3,5592714.78
K720,CBECC - Community Based Early Childhood Center,3,16817090.84
K72A,CBECC - Community Based Early Childhood Center,3,8375999.39
K72B,CBECC - Community Based Early Childhood Center,3,11923637.09
K72C,CBECC - Community Based Early Childhood Center,3,2180508.78
K732,CBECC - Community Based Early Childhood Center,3,2631063.66
M711,CBECC - Community Based Early Childhood Center,3,1807489.33
M712,CBECC - Community Based Early Childhood Center,3,6549454.82
M713,CBECC - Community Based Early Childhood Center,3,2513776.4
M714,CBECC - Community Based Early Childhood Center,3,1887499.48
M715,CBECC - Community Based Early Childhood Center,3,4358601.71
M716,CBECC - Community Based Early Childhood Center,3,5296806.95
Q724,CBECC - Community Based Early Childhood Center,3,19751753.09
Q726,CBECC - Community Based Early Childhood Center,3,9466991.93
Q727,CBECC - Community Based Early Childhood Center,3,10831770.63
Q728,CBECC - Community Based Early Childhood Center,3,16831581.29
Q729,CBECC - Community Based Early Childhood Center,3,13489599.06
Q72A,CBECC - Community Based Early Childhood Center,3,16637717.9
Q730,CBECC - Community Based Early Childhood Center,3,16509059.96
R731,CBECC - Community Based Early Childhood Center,3,20790415.44
X707,CBECC - Community Based Early Childhood Center,3,5265555.15
X708,CBECC - Community Based Early Childhood Center,3,6158074.31
X709,CBECC - Community Based Early Childhood Center,3,7397429.85
X710,CBECC - Community Based Early Childhood Center,3,15746117.42
X711,CBECC - Community Based Early Childhood Center,3,21761789.28
X712,CBECC - Community Based Early Childhood Center,3,3950020.32
